OBJECTID,NAME,ADDRESS,BUILDING_DESCRIPTION,PARCEL_ID,BRT_ID,TENCODE_ID,GROSS_AREA,Shape__Area,Shape__Length
1,Temple University,2450 W HUNTING PARK AVE,OFF/BLD N/COMM W-PKG MASO,155059,883380850,4404002450,231347,231347.864562988,2519.96786248067
2,Temple University,1501-39 MARKET ST,OFF/BLDG COMM NO GAR MASO,392760,883337500,5356001501,47425,47426.0151977539,1281.72506943498
3,Temple University Medical,801 CHERRY ST,APTS 51-100UNTS MASONRY,13161,771524500,2274000801,29301,29348.3869628906,707.277623675852
4,Temple University Medical,800-20 RACE ST,SCHOOL 7STY MASONRY,324604,771524000,6712000800,34030,33840.2145385742,746.550259295613
5,Temple University Medical,191-99 E HUNTINGDON ST,HSE WORSHIP ALL3STY MASON,18474,777204000,4406000191,22500,22697.6785888672,602.634106101501
6,Temple University Medical,100 E LEHIGH AVE,HEALTH FAC. HOSP MAS+OTHE,272372,777012000,4998000100,506603,498503.437927246,3085.63834291667
7,University of the Arts,329-35 S BROAD ST,SCHOOL 9STY MASONRY,208422,771500000,1916000329,13350,13349.9879150391,477.999406723598
8,University of the Arts,320 S BROAD ST,SCHOOL 2STY MAS.+OTHER,542656,772508001,1916000320,38640,39003.8368530273,931.258573019422
9,University of the Arts,311 S JUNIPER ST,APTS 51-100UNTS MASONRY,88046,772508070,4646000311,16648,16634.0606689453,708.510339503105
10,University of the Arts,1224-34 SPRUCE ST,APTS DORMITORY MASONRY,139329,772508050,7396001224,13567,13747.5612792969,469.156806205965
11,University of the Arts,1500-02 PINE ST,APTS DORMITORY MASONRY,195308,772516000,6482001500,5193,5213.34478759766,340.075794334654
12,University of the Arts,250 S BROAD ST,SCHOOL 7STY MASONRY,259264,772505500,1916000250,19294,19378.1854858398,615.544442505197
13,University of the Arts,601 S BROAD ST,AMUSEMENT HALL MASONRY,288419,771501000,1916000601,4920,5144.84704589844,327.930754245747
14,University of the Arts,401-11 S BROAD ST,SCHOOL 4STY MASONRY,487380,771637200,1916000401,21150,21081.8607788086,581.280334195096
15,La Salle University,5632 N UBER ST,ROW B/GAR 2STY MASONRY,16858,776519500,7876005632,1383,1369.70355224609,208.337666767309
16,La Salle University,5655 E WISTER ST,ROW 2 STY MASONRY,26909,172526100,8416005655,1134,1118.31274414063,179.981555299234
17,La Salle University,5661 E WISTER ST,ROW 2 STY MASONRY,74035,172526400,8416005661,1134,1128.23394775391,179.927788071279
18,La Salle University,2118 W CHEW AVE,VAC LAND RES < ACRE,127987,171098100,2300002118,2489,2367.55120849609,281.586785286483
19,La Salle University,2134 ELKINS AVE,ROW 2 STY MASONRY,150200,171090800,3120002134,1120,1130.53063964844,176.375219088694
20,La Salle University,5665 E WISTER ST,ROW B/OFF-STR 2STY MASONR,181848,172526600,8416005665,1293,1293.0966796875,184.408713765214
21,La Salle University,2132 ELKINS AVE,ROW 2 STY MASONRY,203895,171090700,3120002132,1120,1135.43218994141,176.710034978098
22,La Salle University,5651 E WISTER ST,ROW 2 STY MASONRY,339915,172525900,8416005651,1299,1299.88751220703,184.677014499961
23,La Salle University,1919 W OLNEY AVE,S/D W B/G 2S MASONRY,396702,776513500,6136001919,2958,3073.54742431641,269.695856261699
24,La Salle University,7722 FAYETTE ST,ROW B/GAR 2STY MASONRY,463444,501021000,3372007722,1424,1466.38482666016,211.594794962813
25,La Salle University,5623 N 20TH ST,ROW B/GAR 2STY MASONRY,497013,172371600,8817005623,1280,1316.73156738281,193.475527584039
26,La Salle University,2145 ELKINS AVE,ROW B/OFF-STR 2STY MASONR,530174,171092600,3120002145,1451,1451.05639648438,189.08677385273
27,La Salle University,2122 W CHEW AVE,VAC LAND RES < ACRE,443581,171098300,2300002122,2371,2371.06091308594,280.123106750187
28,La Salle University,2126 W CHEW AVE,VAC LAND RES < ACRE,27871,171098500,2300002126,1856,1856.42993164063,226.078900864311
29,La Salle University,5350 OGONTZ AVE,MISC.MIL.INSTAL.MASONRY,597673,785362800,6118005350,107936,111038.573242188,1351.13786255307
30,La Salle University,1701 LINDLEY AVE,SCHOOL 3STY MASONRY,542195,776513000,5094001701,1770452,1770452.05133057,7306.30545360952
31,La Salle University,2160 W OLNEY AVE,DET OFF/STORE 2 STY MASON,415755,871522520,6136002160,2258,2258.20397949219,234.261971941853
32,La Salle University,2112 W CHEW AVE,SEMI DET 2 STY MASONRY,533446,171097800,2300002112,3361,3361.56005859375,408.558515566683
33,La Salle University,2116 W CHEW AVE,VAC LAND RES < ACRE,527981,171098000,2300002116,3193,3193.89367675781,359.010275033125
34,La Salle University,5625 E WISTER ST,VAC LAND COMM. < ACRE,472468,776517600,8416005625,20912,21915.0946044922,600.13469803306
35,La Salle University,5601 E WISTER ST,VAC LAND COMM. < ACRE,87127,776517500,8416005601,26779,26779.8609008789,655.845915293813
36,La Salle University,2124 W CHEW AVE,VAC LAND RES < ACRE,564536,171098400,2300002124,2116,2116.00622558594,253.638907061932
37,La Salle University,545 E WISTER ST,VAC LAND RES < ACRE,73754,881056065,8416000545,11902,12054.6470336914,460.742056797733
38,La Salle University,549 E WISTER ST,VAC LAND RES < ACRE,115329,881056075,8416000549,11382,11879.5097045898,463.080108988882
39,La Salle University,2135 W CHEW AVE,IND.WHSE MASONRY,530835,884463140,2300002135,16601,16800.5936279297,609.239146681102
40,La Salle University,5737-39 E WISTER ST,VAC LAND COMM. < ACRE,566942,172527200,8416005737,11243,11100.0030517578,703.000365894433
41,La Salle University,723 E WISTER ST,DET 3 STY STONE,592033,776297000,8416000723,6084,6084.78063964844,330.958309317381
42,La Salle University,738 E PENN ST,HSE WORSHIP ALL2STY MASON,476385,776228000,6384000738,22989,22989.8334960938,633.002239099843
43,La Salle University,5390 CHEW AVE,S/D CONV.APT 2.5 S STONE,188461,122221800,2296005390,1524,1565.29205322266,199.271044241191
44,La Salle University,700 CHURCH LN,VAC LAND COMM. < ACRE,187422,122035211,2308000700,184584,184464.426513672,1993.48311913334
45,La Salle University,5384 CHEW AVE,SEMI/DET 2.5   STY STONE,333957,122221500,2296005384,2077,2077.99859619141,247.793141348735
46,La Salle University,5388 CHEW AVE,SEMI/DET 2.5   STY STONE,279764,122221700,2296005388,2086,2060.08331298828,247.963943758871
47,La Salle University,5386 CHEW AVE,OFF/BLD N/PKG N/COM MASON,446465,776114000,2296005386,2077,2077.86834716797,247.791025186144
48,La Salle University,5314 CHEW AVE,SEMI/DET 2.5   STY STONE,473779,122219900,2296005314,1868,1871.06610107422,227.114938186625
49,La Salle University,625-35 E WISTER ST,HEALTH FAC. HOSP MAS+OTHE,242033,776008010,8416000625,1063743,1063766.76300049,5471.46397166459
50,Temple University Medical,1306 W ONTARIO ST,ROW 2 STY MASONRY,92849,431060500,6140001306,1395,1428.44006347656,217.82724326023
51,Temple University,1801-33 N 12TH ST,OFF.BLDG.W-GAR.MAS.+OTHER,93566,777634500,8803001801,109296,109986.609313965,1347.26835144039
52,Temple University,1422 W NORRIS ST,VAC LAND RES < ACRE,148115,321012801,6014001422,1589,1589.56085205078,218.458745406169
53,Temple University,1424 W NORRIS ST,ROW 3 STY MASONRY,175444,777550000,6014001424,1452,1422.68029785156,218.588070369242
54,Temple University Medical,3325-37 N BROAD ST,SCHOOL 3STY MASONRY,180238,777529000,1914003325,32000,32403.4252319336,724.906500983919
55,Temple University,1723-29 N BROAD ST,SCHOOL 6STY MASONRY,180455,777507000,1914001723,77295,77295.6786499023,1127.50292587143
56,Temple University,1434 DIAMOND ST,VAC LAND RES < ACRE,284471,321034800,2844001434,1822,1871.44097900391,223.758273318684
57,Temple University Medical,3340 N SYDENHAM ST,ROW 2 STY MASONRY,342840,112188700,7586003340,882,903.211547851563,148.39325903673
58,Temple University Medical,3414 OLD YORK RD,VAC LAND RES < ACRE,456881,431139810,6130003414,1064,1064.25158691406,169.717638415444
59,Temple University Medical,1402-10 W TIOGA ST,SCHOOL 3STY MASONRY,461072,777558000,7742001402,7128,7206.32653808594,341.856648350834
60,Temple University,1825-51 N 10TH ST,APTS DORMITORY MASONRY,482292,881147250,8799001825,52473,49972.9688720703,935.331371573055
61,Temple University,1200-50 CECIL B MOORE AVE,APTS 100 +  UNITS MASONRY,499257,777538000,2201001200,133487,133487.770446777,1463.07136978774
62,Temple University Medical,3409-11 GERMANTOWN AVE,VAC LAND COMM. < ACRE,503925,431144201,3666003409,4627,4627.45526123047,313.545829215069
63,Temple University,1522 N BROAD ST,VAC LAND COMM. < ACRE,524474,871219600,1914001522,4400,4347.51318359375,441.079777464985
64,Temple University Medical,3437 N 15TH ST,SCHOOL 3STY MASONRY,54319,777575000,8807003437,11366,11366.1004638672,498.701194052956
65,Temple University,1801-59 N 11TH ST,VAC LAND RES < ACRE,936626,202203305,8801001801,39000,39264.170715332,1157.0020344503
66,Temple University Medical,3519-33 N BROAD ST,HEALTH FAC.HOSP MASONRY,534508,777533001,1914003519,40299,40299.2171630859,1025.10322241851
67,Temple University,9331-39 OLD BUSTLETON AVE,HEALTH FAC.MED.CENT MASON,355354,777555805,6118609331,40293,39362.9956665039,930.55003649306
68,Temple University,1926 N BROAD ST,ROW 3 STY MASONRY,274719,777515000,1914001926,2100,2100.46533203125,248.905761523589
69,Temple University,1922 N BROAD ST,ROW 3 STY MASONRY,511500,777513000,1914001922,2582,2658.15295410156,220.253489140148
70,Temple University,1301-37 N BROAD ST,SCHOOL 3STY MASONRY,8551,781022000,1914001301,220704,221809.369689941,1894.8298836101
71,Temple University,1420 W NORRIS ST,VAC LAND RES < ACRE,37127,321012700,6014001420,1392,1442.24475097656,209.662362583255
72,Temple University Medical,3402 OLD YORK RD,VAC LAND RES < ACRE,67454,431139210,6130003402,1120,1078.19763183594,170.281684596944
73,Temple University,1701-19 N 10TH ST,APTS DORMITORY MASONRY,81465,777566005,8799001701,69583,69583.2457885742,1429.00430148362
74,Temple University Medical,1312 W ONTARIO ST,ROW 2 STY MASONRY,94826,431060800,6140001312,1395,1391.20172119141,216.933723858647
75,Temple University,1941-53 N BROAD ST,APTS DORMITORY MASONRY,108685,777512030,1914001941,37630,37745.466003418,815.998961023874
76,Temple University,1520 N BROAD ST,VAC LAND COMM. < ACRE,119870,882924271,1914001520,4400,4415.19122314453,441.949991534784
77,Temple University,2002 N BROAD ST,AMUSE FRATERNITIES MASONR,218288,321069602,1914002002,5000,4979.83679199219,449.79006943724
78,Temple University Medical,3426 OLD YORK RD,VAC LAND RES < ACRE,353564,431140410,6130003426,1636,1636.15454101563,245.031848222604
79,Temple University,1901-39 N BROAD ST,SCHOOL 5STY MASONRY,426675,777512010,1914001901,63752,64607.8877563477,1135.42585955391
80,Temple University,1901R-39 N BROAD ST,ROW W-OFF/STR 4STY MASONR,436825,777512020,1914001901,38486,38599.0257568359,1017.19230304621
81,Temple University,2030-32 N BROAD ST,APTS DORMITORY MASONRY,493739,772500020,1914002030,3960,3966.94580078125,293.147668112592
82,Temple University Medical,3342 N 13TH ST,ROW CONV/APT 3STY MASONRY,505046,431169100,8805003342,1804,1804.52471923828,270.654826678486
83,Temple University Medical,1228 W TIOGA ST,VAC LAND RES < ACRE,513676,431107400,7742001228,1408,1399.14794921875,206.079229659523
84,Temple University Medical,3404 OLD YORK RD,VAC LAND RES < ACRE,525628,431139310,6130003404,1113,1107.35308837891,171.279365103896
85,Temple University Medical,3422 OLD YORK RD,VAC LAND RES < ACRE,470319,431140200,6130003422,1150,1150.35119628906,171.455648329738
86,Temple University,1417 DIAMOND ST,VAC LAND COMM. < ACRE,331281,882964430,2844001417,2640,2736.62908935547,287.28384359896
87,Temple University,1930 N BROAD ST,ROW 3 STY MASONRY,35133,777517000,1914001930,2012,2085.28625488281,267.44449656068
88,Temple University,1940 N BROAD ST,APTS DORMITORY MASONRY,480646,777522000,1914001940,2012,2018.25274658203,266.682323584407
89,Temple University,1936-38 N BROAD ST,ROW 3 STY MASONRY,61062,777521000,1914001936,4025,4089.87127685547,302.242777287509
90,Temple University,1603-45 N BROAD ST,APTS DORMITORY MASONRY,401768,777503000,1914001603,63748,63627.7935180664,1039.9159841537
91,Temple University Medical,3334-56 N PARK AVE,APTS 100 +  UNITS MASONRY,61070,777557000,6296003334,16200,16554.844909668,545.379519719586
92,Temple University,1713-55 N 13TH ST,SCHOOL 2STY MASONRY,62138,777569000,8805001713,95780,95780.5547485352,1252.15615298904
93,Temple University Medical,3421 N CARLISLE ST,ROW W/DET GAR 2STY MASONR,80212,777535000,2140003421,1200,1206.94891357422,182.105998858436
94,Temple University Medical,3418 N BROAD ST,SCHOOL 3STY MASONRY,122152,777530000,1914003418,19413,19413.3200073242,594.486087993475
95,Temple University Medical,3401-41 N BROAD ST,HEALTH FAC. HOSP MAS+OTHE,130192,777014000,1914003401,293867,293867.645080566,2210.17120023234
96,Temple University Medical,3419 GERMANTOWN AVE,STR/OFF+APTS 3STY MASONRY,167780,871566410,3666003419,1237,1237.73736572266,184.951186892386
97,Temple University,1700-22 N BROAD ST,SCHOOL 4STY MASONRY,181065,777505000,1914001700,31559,31559.7244262695,721.510534189692
98,Temple University,1428 W NORRIS ST,ROW 3 STY MASONRY,202199,777552000,6014001428,935,935.293029785156,163.760613420476
99,Temple University Medical,3343 N PARK AVE,ROW CONV/APT 3STY MASONRY,204381,431175500,6296003343,1360,1359.15649414063,211.047046780497
100,Temple University Medical,3509-11 N 13TH ST,SCHOOL 4STY MASONRY,228215,777571000,8805003509,5550,5550.6611328125,367.196806787375
101,Temple University,1421 DIAMOND ST,VAC LAND COMM. < ACRE,237762,882964440,2844001421,2503,2462.02587890625,283.887051618317
102,Temple University Medical,3420-30 N BROAD ST,SCHOOL 9STY MASONRY,290687,777531000,1914003420,21194,21194.9696655273,607.555538389803
103,Temple University Medical,1310 W ONTARIO ST,ROW 2 STY MASONRY,301425,431060700,6140001310,1395,1404.78765869141,217.344582562777
104,Temple University,2020 N BROAD ST,APTS DORMITORY MASONRY,357133,777523010,1914002020,2986,2986.17065429688,288.352698398132
105,Temple University Medical,3337 N PARK AVE,APTS  5-50 UNTS MASONRY,421358,431175200,6296003337,1350,1323.34155273438,209.356405667246
106,Temple University,1930R-36 N BROAD ST,AMUSE REC-COMPLEX MAS+OTH,437292,884460565,1914001930,2603,2603.05041503906,241.853654377868
107,Temple University Medical,3339 N PARK AVE,ROW CONV/APT 3STY MASONRY,454590,871199350,6296003339,1350,1315.21820068359,209.505622792167
108,Temple University,1426 W NORRIS ST,ROW 3 STY MASONRY,494544,777551000,6014001426,1312,1312.52807617188,197.443409602416
109,Temple University Medical,3415-17 GERMANTOWN AVE,VAC LAND COMM. < ACRE,496826,871566400,3666003415,7252,7553.51385498047,394.002894010762
110,Temple University,1928 N BROAD ST,ROW 3 STY MASONRY,414448,777516000,1914001928,1905,1997.55041503906,272.158647005384
111,Temple University Medical,3301-59 N 15TH ST,GAR.NO COMM.AREA MASONRY,33292,777574550,8807003301,100000,99196.5344238281,1400.22009468351
112,Temple University Medical,3347 N PARK AVE,ROW CONV/APT 3STY MASONRY,62683,431175700,6296003347,1420,1420.19757080078,212.900030303621
113,Temple University Medical,2317 E WESTMORELAND ST,STR/OFF 2 STY MASONRY,65516,882006260,8256002317,700,670.020080566406,116.177069115739
114,Temple University,1414R-26 W NORRIS ST,APT 2-4  UNTS 2STY MASONR,94795,777549000,6014001414,3606,3606.25366210938,261.744556977558
115,Temple University,1414 W NORRIS ST,VAC LAND RES < ACRE,122205,321012400,6014001414,1392,1363.212890625,207.36813330222
116,Temple University,2001-47 N BROAD ST,APT DORMITORY MAS.+OTHER,130319,777523500,1914002001,132206,132206.510131836,1528.76635256467
117,Temple University Medical,1329 RISING SUN AVE,ROW CONV/APT 3STY MASONRY,188136,431056800,6860001329,1750,1750.08862304688,219.841869385249
118,Temple University,2029 N CARLISLE ST,ROW W BAS.GAR 3STY MASONR,200993,772504700,2140002029,1090,1090.43048095703,168.321467613266
119,Temple University Medical,3500-02 GERMANTOWN AVE,VAC LAND COMM. < ACRE,214126,777542000,3666003500,970,970.715942382813,156.567204663195
120,Temple University Medical,3400-26 N CARLISLE ST,PARKING LOT PRIVATE,216063,777534025,2140003400,41971,42905.5794677734,857.571014793226
121,Temple University,1701-23 N 15TH ST,AMUS REC COMPLEX MASONRY,265247,777572705,8807001701,30050,29575.5591430664,776.294138690611
122,Temple University,1418 W NORRIS ST,VAC LAND RES < ACRE,314876,321012600,6014001418,1392,1436.08319091797,209.473719628631
123,Temple University,2001-47 N 12TH ST,PARKING LOT PRIVATE,324646,202257310,8803002001,86500,86307.5505371094,1344.69484900464
124,Temple University Medical,3324 N PARK AVE,APTS  5-50 UNTS MASONRY,337122,431181400,6296003324,1345,1383.67767333984,211.754389562261
125,Temple University Medical,3341 N PARK AVE,ROW CONV/APT 3STY MASONRY,364015,431175400,6296003341,1436,1436.91003417969,212.571069921958
126,Temple University Medical,3408 OLD YORK RD,VAC LAND RES < ACRE,409065,431139510,6130003408,1023,1023.38641357422,168.473334968762
127,Temple University Medical,1301-03 RISING SUN AVE,ROW CONV/APT 3STY MASONRY,434829,431056100,6860001301,2644,2644.65191650391,224.035912561152
128,Temple University,1419 DIAMOND ST,VAC LAND COMM. < ACRE,438864,882964435,2844001419,2229,2303.40216064453,280.933038089552
129,Temple University,1710-50 N 15TH ST,OFF/BLD N/COMM W-PKG MASO,470668,777573005,8807001710,90693,90965.2421875,1379.50142862823
130,Temple University,2024-28 N BROAD ST,APTS DORMITORY MASONRY,520529,772500010,1914002024,5940,6017.14929199219,330.231385321903
131,Temple University,1531 W MONTGOMERY AVE,VAC LAND RES < ACRE,573852,777547000,5676001531,1112,1139.90368652344,173.947332016111
132,Temple University,1527 W MONTGOMERY AVE,VAC LAND RES < ACRE,573854,777545000,5676001527,1112,1141.36199951172,173.792136207139
133,Temple University Medical,3441 GERMANTOWN AVE,STR/OFF+APTS 3STY MASONRY,324557,871566510,3666003441,1388,1388.134765625,206.831957103072
134,Temple University,1924 N BROAD ST,ROW 3 STY MASONRY,499438,777514000,1914001924,2200,2200.51062011719,251.81896697199
135,Temple University,1934 N BROAD ST,ROW 3 STY MASONRY,435153,777520000,1914001934,2012,2057.61889648438,267.159326836268
136,Temple University Medical,3327 N PARK AVE,ROW 3 STY MASONRY,20633,431174700,6296003327,1445,1445.50042724609,226.304936069564
137,Temple University,1500-14 N 15TH ST,APTS 51-100UNTS MASONRY,35902,777572105,8807001500,27307,27515.7211303711,663.806166129164
138,Temple University,1524 N BROAD ST,VAC LAND COMM. < ACRE,93036,871219650,1914001524,4200,4157.75714111328,439.178388549088
139,Temple University,1301-35 W GIRARD AVE,AMUSEMENT CITY PARK,134908,781143800,3704001301,92289,92289.2193603516,1217.88354612977
140,Temple University Medical,3262 N PARK AVE,VAC LAND RES < ACRE,167520,777556755,6296003262,1584,1632.28839111328,231.585481378632
141,Temple University Medical,3312 N PARK AVE,ROW W BAS.GAR 3STY MASONR,179238,431180800,6296003312,1392,1392.85131835938,209.585148736797
142,Temple University Medical,3316 N PARK AVE,ROW CONV/APT 3STY MASONRY,210458,431181000,6296003316,1441,1441.66442871094,212.876935756447
143,Temple University,1430-32 W NORRIS ST,STORE 2 STY MASONRY,251404,777553001,6014001430,1279,1279.20141601563,171.959120626822
144,Temple University Medical,1235-37 W ATLANTIC ST,IND.WHSE MASONRY,270557,777500000,1392001235,1160,1160.744140625,141.940296526101
145,Temple University,2025 N CARLISLE ST,ROW 3 STY MASONRY,271461,772504500,2140002025,1142,1142.21374511719,170.055653680889
146,Temple University Medical,3423 N CARLISLE ST,OFF/BLDG COMM NO GAR MASO,302295,777536000,2140003423,1279,1279.51928710938,184.047400677668
147,Temple University Medical,3349 N PARK AVE,ROW CONV/APT 3STY MASONRY,411290,431175800,6296003349,1350,1373.35858154297,212.136857772057
148,Temple University,1721-33 N 10TH ST,APTS DORMITORY MASONRY,419210,777567005,8799001721,22155,22404.900390625,775.803171363586
149,Temple University Medical,3424 OLD YORK RD,VAC LAND RES < ACRE,439776,431140310,6130003424,1459,1459.22253417969,234.220214914521
150,Temple University Medical,3254-56 N PARK AVE,PARKING LOT PRIVATE,452465,777556750,6296003254,3019,3062.16101074219,260.423081125128
151,Temple University Medical,3525-29 GERMANTOWN AVE,OFF/BLD N/PKG N/COM MASON,476064,777543000,3666003525,3859,3859.48236083984,266.293914705512
152,Temple University Medical,3323 N PARK AVE,APTS  5-50 UNTS MASONRY,530901,431174500,6296003323,1617,1616.88830566406,249.012249254079
153,Temple University,1801-35 N BROAD ST,SCHOOL 7STY MAS+OTHER,537302,777509000,1914001801,250396,250396.56463623,2064.84460383364
154,Temple University,1529 W MONTGOMERY AVE,VAC LAND RES < ACRE,573853,777546000,5676001529,1112,1121.13415527344,173.285340494668
155,Temple University Medical,3420 OLD YORK RD,VAC LAND RES < ACRE,591231,431140110,6130003420,1120,1131.75817871094,171.090743357813
156,Temple University Medical,3443 GERMANTOWN AVE,STR/OFF+APTS 3STY MASONRY,26906,871199150,3666003443,1464,1494.73858642578,220.050873001848
157,Temple University,1802 N WARNOCK ST,PARKING LOT COMMERCIAL,936624,202195205,8144001802,35000,34990.1453857422,1141.33497481196
158,Temple University,1000-26 W BERKS ST,MISC POW/HSE SUB-STA MAS+,285145,777501000,1720001000,20960,20960.7864990234,588.105542829386
159,Temple University,1944 N BROAD ST,VAC LAND RES < ACRE,222169,777522002,1914001944,2012,2060.56909179688,266.956854926382
160,Temple University,2101-67 N 11TH ST,AMUSE STAD ETC MASONRY,237152,777568500,8801002101,159897,158672.17590332,1681.85154130906
161,Temple University Medical,3416 OLD YORK RD,VAC LAND RES < ACRE,23074,431139910,6130003416,1074,1074.82312011719,169.777512081355
162,Temple University Medical,3314 N PARK AVE,ROW W BAS.GAR 3STY MASONR,58562,431180900,6296003314,1334,1304.64117431641,209.834851445578
163,Temple University,2108-10 N BROAD ST,APTS DORMITORY MASONRY,76715,777524000,1914002108,5175,5352.86944580078,354.24562824723
164,Temple University Medical,3211-39 N BROAD ST,SCHOOL 4STY MASONRY,81755,777527000,1914003211,83215,82268.7828979492,1150.68560156271
165,Temple University,1300-22 CECIL B MOORE AVE,APTS 100 +  UNITS MASONRY,187270,777539000,2201001300,105308,105308.620605469,1359.34978824779
166,Temple University,2004 N BROAD ST,APTS  5-50 UNTS MASONRY,234476,871144350,1914002004,3600,3672.33581542969,436.065136027591
167,Temple University,1837-55 N BROAD ST,HSE WORSHIP ALL3STY MASON,282204,777511000,1914001837,16491,16245.0242919922,516.527703207604
168,Temple University Medical,2319 E WESTMORELAND ST,STR/OFF 2 STY MASONRY,330653,882006270,8256002319,700,666.196960449219,115.929996102089
169,Temple University Medical,1420 W TIOGA ST,VAC LAND RES < ACRE,434464,112081600,7742001420,2002,2047.41436767578,227.448958829369
170,Temple University,1526 N BROAD ST,VAC LAND COMM. < ACRE,483036,871219700,1914001526,4000,3990.6064453125,438.666276977704
171,Temple University Medical,3410 OLD YORK RD,VAC LAND RES < ACRE,504754,431139610,6130003410,1206,1206.92004394531,173.778516600153
172,Temple University,1420 DIAMOND ST,VAC LAND RES < ACRE,521804,321034100,2844001420,1360,1313.39440917969,194.09591644863
173,Temple University Medical,3500 N BROAD ST,SCHOOL 10-14STY MASONRY,501224,777532000,1914003500,89190,89190.4281616211,1359.05451990974
174,Temple University,1525 W MONTGOMERY AVE,VAC LAND RES < ACRE,573855,777544000,5676001525,1112,1124.99035644531,173.471513102203
175,Temple University,1647 N BROAD ST,APTS DORMITORY MASONRY,385559,777504000,1914001647,6485,6487.06713867188,346.66695276691
176,Temple University Medical,3345 N PARK AVE,ROW CONV/APT 3STY MASONRY,24716,431175600,6296003345,1345,1358.62939453125,211.271408066057
177,Temple University Medical,3406 OLD YORK RD,VAC LAND RES < ACRE,28692,431139410,6130003406,1113,1147.90582275391,172.484664453421
178,Temple University,1228-52 N 13TH ST,AMUS REC COMPLEX MASONRY,55829,781653610,8805001228,107188,107188.543029785,1310.26363949022
179,Temple University,1518 N BROAD ST,VAC LAND COMM. < ACRE,89391,882924266,1914001518,5000,5004.63214111328,448.026173107964
180,Temple University Medical,1302 W ONTARIO ST,VAC LAND RES < ACRE,223287,431060300,6140001302,1395,1384.60400390625,217.153729886092
181,Temple University,1801-23 N 10TH ST,APTS DORMITORY MASONRY,280280,881147225,8799001801,37624,36356.8937988281,763.874027508495
182,Temple University,1416 DIAMOND ST,ROW CONV/APT 3STY MASONRY,282583,321033900,2844001416,1309,1284.32098388672,188.266720243907
183,Temple University Medical,2315 E WESTMORELAND ST,STR/OFF 2 STY MASONRY,330580,882006250,8256002315,700,683.235961914063,117.219968867666
184,Temple University Medical,3428 N CARLISLE ST,IND.WHSE MASONRY,354540,777537000,2140003428,1892,1892.7275390625,208.766022612194
185,Temple University Medical,3300-16 N BROAD ST,PARKING LOT PRIVATE,371921,777528100,1914003300,43400,43616.8534545898,836.078423006029
186,Temple University Medical,3412 OLD YORK RD,VAC LAND RES < ACRE,440157,431139710,6130003412,1146,1146.09112548828,172.269717760682
187,Temple University Medical,1308 W ONTARIO ST,ROW 2 STY MASONRY,461294,431060501,6140001308,1395,1370.28759765625,216.59670220289
188,Temple University,1441 W NORRIS ST,SCHOOL 3STY MASONRY,531113,777554010,6014001441,3570,3613.625,247.941835323689
189,Temple University,2006 N BROAD ST,VAC LAND RES < ACRE,531699,777523005,1914002006,1611,1611.46313476563,219.517421647901
190,Temple University Medical,3400 OLD YORK RD,VAC LAND RES < ACRE,536843,431139105,6130003400,1120,1101.46783447266,171.047249212802
191,Temple University Medical,3501-17 N BROAD ST,GAR.NO COMM.AREA MASONRY,537981,777532901,1914003501,44197,44197.6041870117,980.82533266136
192,Temple University,1533 W MONTGOMERY AVE,VAC LAND RES < ACRE,573851,777548000,5676001533,1112,1139.93212890625,173.880359776547
193,Temple University,1942 N BROAD ST,VAC LAND RES < ACRE,192802,777522001,1914001942,2012,2072.88494873047,267.625093196751
194,Temple University,1932 N BROAD ST,ROW 3 STY MASONRY,322834,777519000,1914001932,2012,2015.26959228516,266.55499882494
195,Temple University Medical,1418 W TIOGA ST,VAC LAND RES < ACRE,15219,112081500,7742001418,2002,2043.15814208984,227.212500420901
196,Temple University Medical,1314 W ONTARIO ST,ROW 2 STY MASONRY,22629,431060900,6140001314,1395,1407.74816894531,217.235310746476
197,Temple University Medical,1230 W TIOGA ST,VAC LAND RES < ACRE,169157,431107500,7742001230,1408,1406.82507324219,206.069126839491
198,Temple University,2100 N BROAD ST,VAC LAND COMM. < ACRE,196171,882563900,1914002100,8415,8733.19384765625,401.0000507693
199,Temple University Medical,3335 N PARK AVE,ROW CONV/APT 3STY MASONRY,216236,431175100,6296003335,1350,1392.81994628906,210.637999089943
200,Temple University,1724-76 N BROAD ST,AMUSE STAD ETC MASONRY,237719,777508005,1914001724,141098,141098.747802734,1829.65580789543
201,Temple University,1436 DIAMOND ST,VAC LAND RES < ACRE,246866,321034900,2844001436,1544,1593.47058105469,217.519405904559
202,Temple University,1830 N BROAD ST,SCHOOL 2STY MASONRY,260858,777510000,1914001830,231120,231120.548522949,2140.59312782501
203,Temple University,1950 N BROAD ST,VAC LAND RES < ACRE,304630,777523000,1914001950,2012,2071.24243164063,267.763831347542
204,Temple University,1416 W NORRIS ST,VAC LAND RES < ACRE,306567,321012500,6014001416,1392,1421.19305419922,208.800221525869
205,Temple University Medical,3340 N 13TH ST,ROW 2 STY MASONRY,314556,431169000,8805003340,4390,4390.27532958984,344.801954715885
206,Temple University Medical,3413 GERMANTOWN AVE,VAC LAND COMM. < ACRE,377137,871199100,3666003413,2660,2548.25555419922,297.399850123519
207,Temple University,1715 N BROAD ST,SCHOOL 2STY MASONRY,477813,777506000,1914001715,40949,40949.229309082,839.22772549413
208,Temple University,1500-10 N BROAD ST,OFF/BLD N/PK N/COM MAS.+O,483369,777501500,1914001500,30000,30055.0656738281,699.864684791491
209,Temple University,2014 N BROAD ST,OFF/BLD N/PKG N/COM MASON,484345,772074000,1914002014,2943,2943.69152832031,288.446343367893
210,Temple University Medical,3329 N PARK AVE,ROW CONV/APT 3STY MASONRY,486600,431174800,6296003329,1341,1399.59362792969,215.791889275803
211,Temple University,1952 N BROAD ST,VAC LAND RES < ACRE,506908,777522003,1914001952,2185,2216.7412109375,269.743235486212
212,Temple University,2016-18 N BROAD ST,APTS DORMITORY MASONRY,511732,772499500,1914002016,5935,5935.50592041016,338.084544242975
213,Temple University Medical,1409-17 W ONTARIO ST,OFF/BLD N/PKG N/COM MASON,539539,777556000,6140001409,12553,12553.1783447266,484.943355685311
214,Temple University Medical,3418 OLD YORK RD,VAC LAND RES < ACRE,591230,431140010,6130003418,1078,1078.57293701172,169.797884956262
215,Temple University Medical,3439 GERMANTOWN AVE,STR/OFF+APTS 3STY MASONRY,239937,871566500,3666003439,1295,1295.98132324219,193.862488139666
216,Temple University,1816 N 15TH ST,AMUS REC COMPLEX MASONRY,260615,777574000,8807001816,370721,370721.911865234,3262.19650361724
217,Temple University,1601 N BROAD ST,APTS DORMITORY MASONRY,91643,777502000,1914001601,37771,37771.6221923828,794.083436035585
218,Community College of Philadelphia,1751 CALLOWHILL ST,SCHOOL 3STY MASONRY,154266,772535700,2088001751,41179,42285.4319458008,844.341067906174
219,Community College of Philadelphia,4731-43 LUDLOW ST,SCHOOL 1STY MASONRY,318731,772537000,5192004731,28608,28608.8961181641,790.682284156108
220,Community College of Philadelphia,440 N 15TH ST,OFF/BLD N/COMM W-PKG MASO,335020,884063500,8807000440,73536,73094.9414672852,1084.69543850259
221,Community College of Philadelphia,1600 SPRING GARDEN ST,SCHOOL 5STY MAS+OTHER,501166,772534600,7380001600,377896,381080.421203613,2711.7575909999
222,Community College of Philadelphia,4725-31 CHESTNUT ST,SCHOOL 1STY MASONRY,510283,774571000,2282004725,23540,23569.5301513672,650.297661117203
223,Community College of Philadelphia,14001 MC NULTY RD,PARKING LOT PRIVATE,65307,772537600,5493014001,310583,310584.176330566,2449.12140896932
224,Community College of Philadelphia,12901 TOWNSEND RD,SCHOOL 3STY MAS.+OTHER,71447,772537500,7766012901,200730,200773.933898926,1987.55006479292
225,Community College of Philadelphia,1700 SPRING GARDEN ST,SCHOOL 5STY MAS+OTHER,337428,772534700,7380001700,270278,269863.647949219,2162.48715455251
226,Community College of Philadelphia,1210-16 W GODFREY AVE,SCHOOL 3STY MASONRY,533832,776554000,3750001210,227885,228909.242858887,2091.16034791032
227,Strayer University,3 BEN FRANKLIN PKWY,OFF/BLDG COMM NO GAR MASO,539456,883060510,1688000003,43040,43779.76171875,997.269976183386
228,JNA School of Culinary Arts,1212-14 S BROAD ST,SCHOOL 2STY MASONRY,82054,773058995,1916001212,8681,8681.21917724609,455.48246929314
229,Hussian College School of Art,111 S INDEPENDENCE E MALL,OFF/BLD N/PKG N/COM MASON,513239,883101510,4482900111,47764,48627.7112426758,998.155672768194
230,Peirce College,1420-34 PINE ST,SCHOOL 7STY MASONRY,64321,772513020,6482001420,19932,20152.8212890625,568.263012554683
231,Holy Family University,9878 FRANKFORD AVE,APT 2-4  UNTS 2STY MASONR,22634,778502620,3496009878,4348,4348.44293212891,289.032760560394
232,Holy Family University,9798 FRANKFORD AVE,DET 2 STY STONE,148686,778502405,3496009798,25062,25062.1608276367,665.355197304446
233,Holy Family University,3998 STEVENSON ST,APT 2-4  UNTS 2STY MASONR,181783,661287089,7482003998,8665,8665.42919921875,432.032766306167
234,Holy Family University,9880 FRANKFORD AVE,APT 2-4  UNTS 2STY MASONR,202448,778502625,3496009880,4128,4128.53881835938,295.654849778193
235,Holy Family University,9884 FRANKFORD AVE,APT 2-4  UNTS 2STY MASONR,376662,778502645,3496009884,3785,3631.23071289063,286.205232904005
236,Holy Family University,9896 FRANKFORD AVE,APT 2-4  UNTS 2STY MASONR,105459,778502695,3496009896,5606,5606.14465332031,342.309475706377
237,Holy Family University,4500 GRANT AVE,SCHOOL 3STY MAS.+OTHER,401182,778502005,3812004500,64186,64186.5070800781,1153.01672436364
238,Holy Family University,4803-09 GRANT AVE,APT DORMITORY MAS.+OTHER,496420,778502500,3812004803,32069,32069.1251831055,780.305764596694
239,Holy Family University,4800 STEVENSON ST,VAC LAND RES < ACRE,612491,778512100,7482004800,67940,67940.801940918,1065.96935953904
240,Holy Family University,9801 FRANKFORD AVE,SCHOOL 2STY MASONRY,245240,778503000,3496009801,842073,842073.809204102,5934.42268187368
241,Art Institute of Philadelphia,1618-22 CHESTNUT ST,HEALTH FAC.MED.CENT.MAS.+,431932,772509500,2282001618,8700,8651.01586914063,409.231258549103
242,Moore College of Art and Design,2039 CHERRY ST,APTS DORMITORY MASONRY,23368,772527500,2274002039,5868,5802.71252441406,305.293893264582
243,Moore College of Art and Design,1920-34 RACE ST,SCHOOL 7STY MASONRY,323374,772521000,6712001920,37527,37640.2376708984,889.953327860375
244,Moore College of Art and Design,1916 RACE ST,SCHOOL 4STY MASONRY,491393,772688010,6712001916,19180,19364.1181030273,764.541849235339
245,Curtis Institute of Music,233-35 S 18TH ST,SCHOOL 3STY MASONRY,57710,772526000,8814000233,9900,9992.13433837891,433.564867144936
246,Curtis Institute of Music,1610-18 LOCUST ST,APTS DORMITORY MASONRY,740743,881030550,5138001610,14820,14819.7489624023,487.999997432216
247,Curtis Institute of Music,1620 LOCUST ST,OFF/BLDG COMM NO GAR MASO,269275,883047900,5138001620,3640,3639.95147705078,316.000483768037
248,Chestnut Hill College,9220-50 GERMANTOWN AVE,SCHOOL 2STY MAS.+OTHER,543440,775519500,3666009220,1312829,1314365.46173096,5732.2147604095
249,The Restaurant School at Walnut Hill College,4205-07 WALNUT ST,SCHOOL 3STY MASONRY,255035,882816500,8114004205,37868,37284.3224487305,777.189074134702
250,Philadelphia University,3592 GYPSY LN,VAC LAND RES < ACRE,590064,775499600,3918003592,13384,13384.2194213867,1095.09247187902
251,Philadelphia University,3590 GYPSY LN,VAC LAND RES < ACRE,590065,775499500,3918003590,8191,8191.18280029297,472.21020876364
252,Philadelphia University,3950 VAUX ST,DET 2 STY MASONRY,590066,775506400,7988003950,24502,24502.9194335938,637.843209724722
253,Philadelphia University,3300 W SCHOOL HOUSE LN,SCHOOL 2STY MASONRY,70242,775502000,7128003300,297285,297285.723327637,2200.06610788418
254,Philadelphia College of Osteopathic Medicine,2100-22 W CAMBRIA ST,OFF/BLDG COMM NO GAR MASO,314585,776082100,2104002100,46435,46565.5487670898,874.663849544776
255,Philadelphia College of Osteopathic Medicine,5830 HENRY AVE,OFF/BLD N/PKG N/COM MASON,437475,774010100,4196005830,10500,10537.1021728516,411.040753702991
256,Philadelphia College of Osteopathic Medicine,4182-90 CITY AVE,HEALTH FAC.MED.CENT.MAS.+,289714,774010040,2324004182,88134,88133.6892700195,1413.84005393823
257,Philadelphia College of Osteopathic Medicine,4152-80 CITY AVE,HEALTH FAC.MED.CENT.MAS.+,539014,774010030,2324004152,272485,272543.753417969,2624.36464505281
258,Philadelphia College of Osteopathic Medicine,4130-50 CITY AVE,VAC LAND INDUS. ACRE+,45354,774010002,2324004130,108327,108238.640319824,1434.32963046629
259,Philadelphia College of Osteopathic Medicine,4100 MONUMENT RD,VAC LAND COMM. < ACRE,282938,774012000,5684004100,384748,383515.247070313,2739.53142468515
260,Philadelphia College of Osteopathic Medicine,4148 LANCASTER AVE,HEALTH FAC.CLINIC MAS+OTH,163513,774011500,4890004148,17256,17256.512878418,531.978963364071
261,Thomas Jefferson University,900-10 WALNUT ST,HEALTH FAC.HOSP MASONRY,12545,771006900,8114000900,51123,49405.7823486328,1008.4371179002
262,Thomas Jefferson University,915-29 SANSOM ST,PARKING LOT COMMERCIAL,18967,771021100,7094000915,15162,15161.6160888672,493.858627794964
263,Thomas Jefferson University,951 LOCUST ST,MISC RESEARCH MASONRY,57478,771015010,5138000951,54730,55980.8681640625,1030.07710251774
264,Thomas Jefferson University,1000-32 CHESTNUT ST,HEALTH FAC.HOSP MASONRY,112737,771013000,2282001000,91080,93278.1994018555,1262.49842554016
265,Thomas Jefferson University,1100-04 WALNUT ST,HEALTH FAC.MED.CENT.MAS.+,208876,771020500,8114001100,11827,12072.216796875,454.885968479734
266,Thomas Jefferson University,2301 S BROAD ST,HEALTH FAC.HOSP MASONRY,246175,771010000,1916002301,206556,203359.326904297,1820.18720540483
267,Thomas Jefferson University,905-11 WALNUT ST,HEALTH FAC.CLINIC MAS+OTH,288673,771017000,8114000905,12000,11497.8263549805,430.089776679754
268,Thomas Jefferson University,115-19 S 10TH ST,PARKING LOT COMMERCIAL,320412,882493030,8800000115,7494,7494.37078857422,348.683401819165
269,Thomas Jefferson University,109-13 S 10TH ST,PARKING LOT COMMERCIAL,322225,882872500,8800000109,4761,4761.63195800781,310.210459976169
270,Thomas Jefferson University,912-28 WALNUT ST,APTS DORMITORY MASONRY,328474,771018000,8114000912,33420,33420.2572631836,901.189066974968
271,Thomas Jefferson University,131 S 10TH ST,STR/OFF+APT 4STY MASONRY,329041,871271650,8800000131,931,917.760620117188,134.392287187758
272,Thomas Jefferson University,129 S 10TH ST,STR/OFF+APTS 3.5S MASONRY,390282,871271600,8800000129,960,971.061584472656,136.972493901865
273,Thomas Jefferson University,122-30 S 9TH ST,HEALTH FAC.MED.LAB MASONR,500148,771021000,8798000122,10337,10268.6390991211,405.177294709538
274,Thomas Jefferson University,901-03 WALNUT ST,OFF/BLD N/PKG N/COM MASON,504762,771017500,8114000901,5760,5516.45904541016,326.499852207
275,Thomas Jefferson University,917-33 CHESTNUT ST,OFF/BLD N/PKG N/COM MASON,519328,883313700,2282000917,47364,45194.8032226563,850.930272922299
276,Thomas Jefferson University,127 S 10TH ST,REST'RNT W/O BAR MASONRY,524582,882617500,8800000127,1299,1299.52600097656,176.514208571512
277,Thomas Jefferson University,1008-34 LOCUST ST,HEALTH FAC.MED.CENT MASON,540513,771016500,5138001008,74151,75744.2797241211,1180.94878726584
278,Thomas Jefferson University,927 WALNUT ST,REST'RNT W/BAR MASONRY,541281,882626800,8114000927,1226,1226.72930908203,154.053344278687
279,Thomas Jefferson University,919-21 WALNUT ST,OFF/BLD N/COMM W-PKG MASO,72658,771695000,8114000919,14030,14049.2053833008,583.578297128798
280,Thomas Jefferson University,214 S 11TH ST,OFF/BLD N/PKG N/COM MASON,173936,771013100,8802000214,2460,2562.37677001953,294.149343510476
281,Thomas Jefferson University,1001 LOCUST ST,SCHOOL 6STY MASONRY,22663,771016000,5138001001,63360,64913.215637207,1128.34406599824
282,Thomas Jefferson University,900 CHESTNUT ST,PARKING LOT COMMERCIAL,653403,882493010,2282000900,28750,28658.7269287109,709.803815843162
283,Thomas Jefferson University,1108 CHESTNUT ST,STR/OFF 5 STY MASONRY,212785,882495000,2282001108,4984,4983.93127441406,506.000926922326
284,Thomas Jefferson University,1110 CHESTNUT ST,STORE 2 STY MASONRY,440445,882495100,2282001110,6870,6869.84844970703,517.999360354192
285,Lutheran Theological Seminary,7314 GERMANTOWN AVE,DET W/D.GAR 2.5 STY STONE,240176,092238600,3666007314,4802,4801.99438476563,333.122869453851
286,Lutheran Theological Seminary,7238 BOYER ST,DET 2.5 STY STONE,537117,775508000,1862007238,19200,19199.9044799805,639.998733775969
287,Lutheran Theological Seminary,42 E GOWEN AVE,S/D CONV.APT 2.5STY MASON,465972,775523000,3786000042,13682,13779.0973510742,469.661507889731
288,Lutheran Theological Seminary,7300-18 BOYER ST,DET CONV.APT 2.5STY STONE,299155,775509000,1862007300,86523,86389.6671142578,1261.84243327291
289,Lutheran Theological Seminary,143 E MOUNT AIRY AVE,DET W/D.GAR 2.5 STY MASON,48523,091002015,5740000143,17958,17958.7973022461,545.716982575349
290,Lutheran Theological Seminary,20-22 E GOWEN AVE,APTS  5-50 UNTS MASONRY,398532,775521005,3786000020,17262,17262.1984863281,545.248499686377
291,Lutheran Theological Seminary,30 E GOWEN AVE,APTS  5-50 UNTS MASONRY,263622,775522000,3786000030,47547,45367.3584594727,884.990892000826
292,Lutheran Theological Seminary,46 E GOWEN AVE,S/D CONV.APT 2.5STY MASON,341613,775524000,3786000046,9841,9872.57800292969,404.398805263355
293,Lutheran Theological Seminary,7241 GERMANTOWN AVE,SCHOOL 4STY MASONRY,63246,775515000,3666007241,365691,370704.916442871,2753.53035778863
294,Lutheran Theological Seminary,7204-06 BOYER ST,DET W/D.GAR 2.5 STY MASON,220867,775507000,1862007204,41815,41584.317199707,826.550905271578
295,Lutheran Theological Seminary,135 E MOUNT AIRY AVE,SEMI/DET 2.5   STY STONE,369940,091001900,5740000135,6075,6074.97406005859,398.99933417079
296,Pennsylvania Academy of Fine Arts,130-40 N BROAD ST,SCHOOL 10-14STY MASONRY,240464,772724100,1914000130,24660,24662.5147705078,634.20925666471
297,Pennsylvania Academy of Fine Arts,118-26 N BROAD ST,MISC.MUSEUM MASONRY,444587,772724000,1914000118,26260,26143.5656738281,721.362292728064
298,University of the Sciences in Philadelphia,1258 S 45TH ST,VAC LAND RES < ACRE,154298,272150010,8869001258,1790,1790.84460449219,231.721867877665
299,University of the Sciences in Philadelphia,508-14 S 42ND ST,APT DORMITORY MAS.+OTHER,155511,773495000,8863000508,26242,26242.9544677734,679.201905635349
300,University of the Sciences in Philadelphia,4238-40 CHESTER AVE,VAC LAND RES < ACRE,308608,272088810,2276004238,12530,12584.2152709961,532.829615376968
301,University of the Sciences in Philadelphia,4147 WOODLAND AVE,SCHOOL 2STY MASONRY,426478,773500000,8448004147,1679,1679.53930664063,186.693525805811
302,University of the Sciences in Philadelphia,4201-47 WOODLAND AVE,SCHOOL 4STY MAS+OTHER,534825,773500500,8448004201,163289,163289.250610352,1803.84000291776
303,University of the Sciences in Philadelphia,4200-08 WOODLAND AVE,MISC.LIBRARY MASONRY,589969,773501000,8448004200,15840,15840.6295166016,561.088734726849
304,Philadelphia University,4140-48 WOODLAND AVE,IND.WHSE MASONRY,515102,773499500,8448004140,68998,68998.1299438477,1662.29097750974
305,University of the Sciences in Philadelphia,760 S 42ND ST,APTS DORMITORY MASONRY,589966,773505500,8863000760,39507,39507.7999267578,882.119117645849
306,University of the Sciences in Philadelphia,714-34 S 42ND ST,SCHOOL 4STY MAS+OTHER,589955,773505000,8863000714,27880,27880.7650146484,763.908337204603
307,University of the Sciences in Philadelphia,4514-22 WOODLAND AVE,SCHOOL 3STY MASONRY,462004,783600600,8448004514,44813,44246.8430786133,879.174494555144
308,University of the Sciences in Philadelphia,4500-12 WOODLAND AVE,SCHOOL 2STY MASONRY,525132,773504001,8448004500,29491,29491.1783447266,706.951012284543
309,University of the Sciences in Philadelphia,4212-16 WOODLAND AVE,AMUS REC COMPLEX MASONRY,589983,773502000,8448004212,54530,54530.7203369141,1011.159979983
310,University of the Sciences in Philadelphia,4306-24 WOODLAND AVE,IND.SHOP MAS.+OTHER,590003,773503005,8448004306,369467,369467.056762695,2996.03255326528
311,University of the Sciences in Philadelphia,4212R-16 WOODLAND AVE,IND.SHOP MAS.+OTHER,589953,773500600,8448004212,158802,158802.911254883,2037.23004146008
312,University of Pennsylvania,407 S 40TH ST,APTS  5-50 UNTS MASONRY,69436,881601900,8859000407,1757,1747.78741455078,231.3064213613
313,University of Pennsylvania,127-29 SPRUCE ST,MISC.MUSEUM MASONRY,94195,771745000,7396000127,885,885.336853027344,130.305560166312
314,University of Pennsylvania,4000 CHESTNUT ST,STR/OFF+APTS 3STY MASONRY,184589,871299090,2282004000,2500,2524.41131591797,290.878973554012
315,University of Pennsylvania,212 S 42ND ST,APTS  5-50 UNTS MASONRY,204344,881615900,8863000212,2875,2945.17590332031,296.889345088939
316,University of Pennsylvania,3926 SPRUCE ST,SEMI/DET 3.5   STY MASONR,224404,773556000,7396003926,3668,3668.54656982422,342.727124449944
317,University of Pennsylvania,309-11 S 40TH ST,APTS  5-50 UNTS MASONRY,273238,881121130,8859000309,5108,5039.90924072266,309.302119083795
318,University of Pennsylvania,511-17 S 20TH ST,PARKING LOT PRIVATE,287771,772041000,8818000511,7005,7013.51641845703,353.242252428241
319,University of Pennsylvania,108-16 S 38TH ST,PARKING LOT COMMERCIAL,289321,773593000,8855000108,6243,6520.18774414063,326.538108492439
320,University of Pennsylvania,3400-50 CHESTNUT ST,APTS DORMITORY MASONRY,317148,773508000,2282003400,156511,156511.459106445,1858.90718931069
321,University of Pennsylvania,3725-45 WALNUT ST,GAR.W-COMM. MASON + OTHER,500699,773567505,8114003725,54216,51772.520324707,910.700427741022
322,University of Pennsylvania,3908-10 SPRUCE ST,AMUSE FRATERNITIES MASONR,505119,773554000,7396003908,10218,10218.3804931641,431.601388836657
323,University of Pennsylvania,4431 SPRUCE ST,APTS  5-50 UNTS MASONRY,518198,881605610,7396004431,5775,5786.20764160156,419.522717102337
324,University of Pennsylvania,3946 PINE ST,ROW CONV/APT 3STY MASONRY,529285,271092600,6482003946,1200,1165.97222900391,179.390427521706
325,University of Pennsylvania,4000 LOCUST ST,SCHOOL 6STY MAS+OTHER,653407,773524010,5138004000,115172,115264.77947998,1382.33112713244
326,University of Pennsylvania,3900-46 WALNUT ST,APTS 100 +  UNITS MASONRY,518612,773576000,8114003900,232238,232238.378051758,2017.07120496336
327,University of Pennsylvania,3914 SANSOM ST,HOTEL/RM.HSE 3STY MASONRY,208341,881600200,7094003914,1464,1499.41333007813,215.500970169869
328,University of Pennsylvania,124 S 39TH ST,HOTEL/RM.HSE 3STY MASONRY,244948,881601415,8857000124,2320,2309.32562255859,270.930802038475
329,University of Pennsylvania,128 S 39TH ST,HOTEL/RM.HSE 3STY MASONRY,538329,881601425,8857000128,2320,2308.99322509766,270.115052744767
330,University of Pennsylvania,601 UNIVERSITY AVE,AMUS PLAYGROUND MASONRY,362238,773581050,7892000601,399301,397996.808105469,3194.75982218226
331,University of Pennsylvania,4015 WALNUT ST,IND WHSE MAS.+OTHER,56715,773579000,8114004015,13200,13234.5911254883,562.381942655203
332,University of Pennsylvania,3824 SPRUCE ST,PARKING LOT PRIVATE,74187,773547001,7396003824,6500,6537.76153564453,330.787097148133
333,University of Pennsylvania,3915 PINE ST,APTS  5-50 UNTS MASONRY,156432,881600850,6482003915,1620,1593.35266113281,216.757799878736
334,University of Pennsylvania,4033 BALTIMORE AVE,APTS  5-50 UNTS MASONRY,171831,881607110,1562004033,2875,2865.88067626953,278.387523656815
335,University of Pennsylvania,16 N 42ND ST,VAC LAND RES < ACRE,172397,061250900,8862000016,1104,1103.67108154297,171.446312109712
336,University of Pennsylvania,3960 PINE ST,APTS  5-50 UNTS MASONRY,212846,881600510,6482003960,1404,1404.02978515625,208.599684889423
337,University of Pennsylvania,3935 PINE ST,APTS  5-50 UNTS MASONRY,214635,881601460,6482003935,1620,1645.23059082031,218.277824949904
338,University of Pennsylvania,3918 PINE ST,ROW CONV/APT 3STY MASONRY,220583,271091200,6482003918,1041,1067.66229248047,144.397558888109
339,University of Pennsylvania,4002 PINE ST,APTS DORMITORY MASONRY,350592,881331600,6482004002,8424,8424.13354492188,428.03086366374
340,University of Pennsylvania,4104 WALNUT ST,OFF/BLDG COMM NO GAR MASO,364749,773580050,8114004104,7889,7889.71643066406,493.206887595981
341,University of Pennsylvania,519-25 S 20TH ST,PARKING LOT PRIVATE,423306,772042100,8818000519,5160,5133.38067626953,291.210710788333
342,University of Pennsylvania,4010-16 CHESTNUT ST,PARKING LOT PRIVATE,491632,882964375,2282004010,16500,16476.8576049805,590.314711272484
343,University of Pennsylvania,307 S 39TH ST,AMUSE FRAT.MAS.+OTHER,516318,773548100,8857000307,6162,6162.27795410156,395.989485862083
344,University of Pennsylvania,3940 PINE ST,ROW CONV/APT 3STY MASONRY,518875,271092300,6482003940,1120,1130.92095947266,170.791961709041
345,University of Pennsylvania,3401-39 WALNUT ST,SCHOOL 5STY MAS+OTHER,214708,773564400,8114003401,59525,59525.0787963867,1441.41302693474
346,University of Pennsylvania,301 S 30TH ST,VAC LAND IND < ACRE,542162,782839700,8839000301,47570,47570.8740234375,1232.56672866236
347,University of Pennsylvania,3940 SPRUCE ST,APT.BOARDING HOME MASONRY,522245,773558000,7396003940,14268,14268.3381347656,485.852038955253
348,University of Pennsylvania,3537 LOCUST WALK,MISC.ADMIN.BLDG MASONRY,84820,773517000,5139003537,2229,2229.50518798828,236.366720090744
349,University of Pennsylvania,3700 CIVIC CENTER BLVD,GAR.NO COMM.AREA MASONRY,334958,773740500,2327003700,100067,100067.773071289,1323.09447268713
350,University of Pennsylvania,20 S 39TH ST,APTS  5-50 UNTS MASONRY,509306,881117050,8857000020,4049,4050.02105712891,281.000487427411
351,University of Pennsylvania,3907-15 SPRUCE ST,APTS DORMITORY MASONRY,15798,773553000,7396003907,99218,99218.3965454102,1426.05470182888
352,University of Pennsylvania,3800-50 WALNUT ST,SCHOOL 3STY MASONRY,492953,773569001,8114003800,70596,70596.0269775391,1276.04020073279
353,University of Pennsylvania,4007 CHESTNUT ST,ROW 3 STY MASONRY,349127,271140300,2282004007,2862,2884.85266113281,281.151162879371
354,University of Pennsylvania,4006R-14 LUDLOW ST,VAC LAND RES < ACRE,481319,271136710,5192004006,1780,1713.13903808594,215.129532495144
355,University of Pennsylvania,3926 SANSOM ST,ROW CONV/APT 3STY MASONRY,44521,271053500,7094003926,1464,1457.50421142578,214.582720341126
356,University of Pennsylvania,3501 CURIE BLVD,MISC.RESEARCH MAS.+OTHER,604892,773513200,2640003501,59052,56805.3364257813,1079.11651382692
357,University of Pennsylvania,3400 SPRUCE ST,HEALTH FAC.HOSP MASONRY,82699,773009000,7396003400,277216,277216.807128906,2219.9392235483
358,University of Pennsylvania,3922 PINE ST,ROW CONV/APT 3STY MASONRY,29319,773528900,6482003922,880,857.626525878906,140.866064959136
359,University of Pennsylvania,3600 SPRUCE ST,APTS DORMITORY MASONRY,42107,773541000,7396003600,322952,322952.269226074,2701.12249333512
360,University of Pennsylvania,3831-33 WALNUT ST,AMUSE FRATERNITIES MASONR,100903,773575001,8114003831,5856,5856.05792236328,337.713935835796
361,University of Pennsylvania,3700R CHESTNUT ST,HSE WORSHIP ALL3STY MASON,215803,773076600,2282003700,3037,3037.78271484375,229.181393034367
362,University of Pennsylvania,3200 WALNUT ST,AMUSE STAD.ETC.MAS+OTHER,287264,773561600,8114003200,113448,113448.305725098,1530.84332257546
363,University of Pennsylvania,502 WOODLAND TER,APTS  5-50 UNTS MASONRY,335701,881607500,8450000502,3579,3579.50311279297,298.59195743694
364,University of Pennsylvania,3913 PINE ST,APTS  5-50 UNTS MASONRY,348560,881600800,6482003913,1620,1615.76135253906,217.571403913377
365,University of Pennsylvania,3817 WALNUT ST,AMUSE FRATERNITIES MASONR,386483,773570010,8114003817,11896,11896.5604248047,550.077139377216
366,University of Pennsylvania,4026-32 CHESTNUT ST,OFF/BLD N/COMM W-PKG MASO,399517,773687050,2282004026,22000,22111.8707275391,641.316323763076
367,University of Pennsylvania,115-23 S 40TH ST,VAC LAND RES < ACRE,405013,773265950,8859000115,10100,10101.294921875,402.839395788833
368,University of Pennsylvania,206 S 42ND ST,APTS  5-50 UNTS MASONRY,407232,881615600,8863000206,2875,2887.82525634766,296.055858631238
369,University of Pennsylvania,305-07 S 40TH ST,APTS  5-50 UNTS MASONRY,407934,881121125,8859000305,5572,5547.31988525391,319.4552534654
370,University of Pennsylvania,4008-26 WALNUT ST,AMUSEMENTS THEATRE MASONR,421721,773161001,8114004008,35275,35240.6477661133,880.279974720611
371,University of Pennsylvania,4114 SPRUCE ST,APTS  5-50 UNTS MASONRY,475691,881605500,7396004114,3300,3285.14025878906,344.362990155522
372,University of Pennsylvania,200-32 S 40TH ST,STORE 2 STY MASONRY,519077,882937900,8859000200,66164,68089.8589477539,1210.40347838548
373,University of Pennsylvania,3708-12 CHESTNUT ST,DET 3 STY MASONRY,532323,773509000,2282003708,17798,17798.5479736328,641.348179671152
374,University of Pennsylvania,3800 SPRUCE ST,SCHOOL 4STY MASONRY,534510,773544500,7396003800,95294,95294.9253540039,1350.3341683335
375,University of Pennsylvania,3900 DELANCEY ST,SCHOOL 4STY MASONRY,535623,773513500,2798003900,52832,52832.3519897461,1137.05839424273
376,University of Pennsylvania,202-04 S 36TH ST,AMUSEMENT HALL MASONRY,606087,773718000,8851000202,4829,4829.84753417969,319.007439444188
377,University of Pennsylvania,200A S 32ND ST,AIR RIGHTS COMMERCIAL,610892,773585000,8843000200,275105,275105.51184082,2206.27329369229
378,University of Pennsylvania,3441-55 WALNUT ST,MISC.ADMIN.BLDG MASONRY,502011,773564500,8114003441,55240,55240.5678100586,1116.81875111254
379,University of Pennsylvania,2930 CHESTNUT ST,MISC. P.O. MASONRY,475271,783094601,2282002930,110400,113163.835876465,1437.75828291608
380,University of Pennsylvania,3817-25 SPRUCE ST,APTS DORMITORY MASONRY,489094,773546000,7396003817,95027,95027.6533203125,1281.39308731458
381,University of Pennsylvania,3924 SANSOM ST,ROW CONV/APT 3STY MASONRY,248665,271053400,7094003924,1464,1461.34838867188,214.667165314292
382,University of Pennsylvania,3933 WALNUT ST,SCHOOL 3STY MASONRY,95298,773577000,8114003933,3750,3748.78381347656,350.262491266455
383,University of Pennsylvania,220-30 S 34TH ST,SCHOOL 5STY MAS+OTHER,265222,773588200,8847000220,34246,33790.7600708008,881.045775758289
384,University of Pennsylvania,3500 PINE ST,SCHOOL 7STY MASONRY,134102,773527000,6482003500,31687,31687.7432250977,757.604211084271
385,University of Pennsylvania,3921 PINE ST,APTS  5-50 UNTS MASONRY,38439,881600900,6482003921,1620,1607.86663818359,216.128276743486
386,University of Pennsylvania,4028 WALNUT ST,AMUSE FRATERNITIES MASONR,52871,773580000,8114004028,16125,16383.3828735352,584.035190235037
387,University of Pennsylvania,3550 PINE ST,SCHOOL 6STY MASONRY,102570,773527500,6482003550,28916,28916.9970703125,713.234547430608
388,University of Pennsylvania,3906 SPRUCE ST,ROW W-OFF/STR 3STY MASONR,106215,773552000,7396003906,3653,3653.58483886719,342.931537746196
389,University of Pennsylvania,4027 LOCUST ST,APTS  5-50 UNTS MASONRY,152195,881604300,5138004027,1977,2003.59832763672,262.449318866884
390,University of Pennsylvania,3641 LOCUST WALK,OFF/BLDG COMM NO GAR MASO,152258,773519000,5139003641,5076,5076.09521484375,302.914480654834
391,University of Pennsylvania,3600 LOCUST WALK,SCHOOL 4STY MASONRY,159006,773518000,5139003600,154639,154639.580383301,1726.73953011255
392,University of Pennsylvania,3916-18 SPRUCE ST,AMUSE FRATERNITIES MASONR,309624,773555000,7396003916,5318,5318.50799560547,365.056188516058
393,University of Pennsylvania,3923 PINE ST,APTS  5-50 UNTS MASONRY,337210,881601000,6482003923,1620,1649.66198730469,217.526024444944
394,University of Pennsylvania,3918 DELANCEY ST,ROW 3 STY MASONRY,390959,271086700,2798003918,852,852.734375,139.967063340921
395,University of Pennsylvania,3938 DELANCEY ST,ROW 3 STY MASONRY,514182,271087700,2798003938,1120,1145.8154296875,172.623060625154
396,University of Pennsylvania,3118-98 CHESTNUT ST,APTS 100 +  UNITS MASONRY,415287,774515050,2282003118,138078,138078.992736816,1568.03351132548
397,University of Pennsylvania,3428 SANSOM ST,STR/OFF+APTS 3STY MASONRY,486143,871535890,7094003428,1184,1184.71069335938,176.610741617357
398,University of Pennsylvania,3100 SOUTH ST,VAC LAND IND < ACRE,732743,773536100,7344003100,21234,21234.0874633789,696.06948929587
399,University of Pennsylvania,600 S 32ND ST,VAC LAND INDUS. ACRE+,724315,773586100,8843000600,66012,66012.4854736328,1441.20990046133
400,University of Pennsylvania,3726-34 WALNUT ST,SCHOOL 10-14STY MASONRY,510380,773567900,8114003726,75406,75406.6756591797,1174.40174826401
401,University of Pennsylvania,3901-03 SPRUCE ST,APTS DORMITORY MASONRY,512327,773550000,7396003901,41948,41948.8743896484,823.250910707195
402,University of Pennsylvania,3830R WALNUT ST,SCHOOL 3STY MASONRY,335945,773569200,8114003830,12129,11999.9671020508,443.17139596375
403,University of Pennsylvania,143 S 31ST ST,VAC LAND COMM. ACRE+,274841,773717180,8841000143,20529,20529.7150268555,589.083647508191
404,University of Pennsylvania,36 S 40TH ST,STORE 1 STY MASONRY,45988,271173400,8859000036,2220,2220.00915527344,261.99993380987
405,University of Pennsylvania,3401 CHESTNUT ST,VAC LAND RES < ACRE,483142,881116112,2282003401,111858,112249.582946777,1528.99824153579
406,University of Pennsylvania,220-60 S 33RD ST,MISC.RESEARCH MAS.+OTHER,17377,773588000,8845000220,124699,124699.927429199,1537.46215842251
407,University of Pennsylvania,3813-15 WALNUT ST,SCHOOL 4STY MAS+OTHER,62816,773570008,8114003813,10179,10179.7536010742,534.639062284129
408,University of Pennsylvania,3311-15 CHESTNUT ST,VAC LAND COMM. < ACRE,77202,773075000,2282003311,25900,25714.3264160156,669.559039446366
409,University of Pennsylvania,516-22 S 20TH ST,PARKING LOT PRIVATE,84402,772042000,8818000516,5280,5390.1650390625,299.059072124364
410,University of Pennsylvania,2016 SPRUCE ST,ROW 3 STY MASONRY,179938,773537000,7396002016,5386,5386.0380859375,331.365138718321
411,University of Pennsylvania,3701-23 WALNUT ST,SCHOOL 2STY MAS.+OTHER,183083,773567501,8114003701,52290,51639.9202880859,909.562312606357
412,University of Pennsylvania,3917 PINE ST,APTS  5-50 UNTS MASONRY,208033,881600860,6482003917,1620,1614.15612792969,217.565450767692
413,University of Pennsylvania,1 CONVENTION AVE,HEALTH FAC.HOSP MASONRY,244410,773512000,2492000001,386828,386828.128540039,2501.40826613685
414,University of Pennsylvania,1700 SOUTH ST,GAR.NO COMM.AREA MASONRY,280964,772035000,7344001700,38599,39345.3237915039,906.199740932395
415,University of Pennsylvania,4056 CHESTNUT ST,VAC LAND COMM. < ACRE,317998,871535945,2282004056,3250,3211.01831054688,310.293036438209
416,University of Pennsylvania,3928 SPRUCE ST,S/D CONV.APT 3.5STY MASON,319515,271084900,7396003928,3772,3772.36053466797,344.066710095068
417,University of Pennsylvania,1832-44 SOUTH ST,HEALTH FAC.MED.CENT.MAS.+,357346,772036205,7344001832,16437,16434.8233032227,513.047048366826
418,University of Pennsylvania,3939 PINE ST,APTS  5-50 UNTS MASONRY,416183,881601480,6482003939,1620,1626.52587890625,216.931743912143
419,University of Pennsylvania,3914 PINE ST,ROW CONV/APT 3STY MASONRY,441422,271091000,6482003914,957,966.288330078125,135.282973620915
420,University of Pennsylvania,3925 PINE ST,APTS  5-50 UNTS MASONRY,447455,881601100,6482003925,1620,1626.556640625,217.321432434759
421,University of Pennsylvania,5001-11 LANCASTER AVE,IND.WHSE MASONRY,490725,884462220,4890005001,18277,17873.5740966797,562.717678880827
422,University of Pennsylvania,3809 WALNUT ST,SCHOOL 4STY MASONRY,497856,773570004,8114003809,2932,2908.09851074219,301.575453694529
423,University of Pennsylvania,4101-03 SPRUCE ST,APTS 51-100UNTS MASONRY,505417,881120900,7396004101,13321,13593.8538208008,524.546016992408
424,University of Pennsylvania,501 OSLER CIR,MISC.RESEARCH MAS.+OTHER,604893,773003010,6188500501,42280,42280.375793457,878.959838206869
425,University of Pennsylvania,3100-16 CHESTNUT ST,AIR RIGHTS COMMERCIAL,610891,774515048,2282003100,114629,114629.114624023,2434.58500180138
426,University of Pennsylvania,3201-59 WALNUT ST,SCHOOL 4STY MASONRY,207003,773561000,8114003201,138994,138993.503845215,1631.00953311889
427,University of Pennsylvania,3600 CIVIC CENTER BLVD,HEALTH FAC.CLINIC MAS+OTH,73392,773740401,2327003600,152054,152054.089904785,1563.24501946436
428,University of Pennsylvania,3400 CIVIC CENTER BLVD,HEALTH FAC. HOSP MAS+OTHE,29726,773740100,2327003400,212859,212859.269287109,2270.44491402248
429,University of Pennsylvania,3529-31 LOCUST WALK,VAC LAND COMM. < ACRE,282030,773515000,5139003529,3800,3770.38818359375,267.943619388948
430,University of Pennsylvania,4013 CHESTNUT ST,HOTEL/RM.HSE 3STY MASONRY,321066,881602210,2282004013,2862,2863.71453857422,280.361804205293
431,University of Pennsylvania,3901-03 WALNUT ST,OFF/BLD N/PKG N/COM MASON,144999,883038100,8114003901,5000,5009.28381347656,300.04187198637
432,University of Pennsylvania,126 S 39TH ST,APTS  5-50 UNTS MASONRY,243776,881601420,8857000126,2320,2313.47930908203,270.597555674289
433,University of Pennsylvania,3600-90 WALNUT ST,SCHOOL 3STY MASONRY,144337,773566000,8114003600,181032,181032.282348633,3092.46714900868
434,University of Pennsylvania,3406-46 WALNUT ST,SCHOOL 6STY MAS+OTHER,286027,773564006,8114003406,101652,101652.395935059,1509.07219099574
435,University of Pennsylvania,3300 CHESTNUT ST,APTS DORMITORY MASONRY,510451,773506000,2282003300,250613,250613.778625488,2004.16617779632
436,University of Pennsylvania,3401 CURIE BLVD,SCHOOL 4STY MAS+OTHER,1172571,773513000,2640003401,39530,38599.4720458984,900.771875337128
437,University of Pennsylvania,4010-12 SANSOM ST,PARKING LOT PRIVATE,4353,773532000,7094004010,2570,2570.98870849609,217.813696504369
438,University of Pennsylvania,4625 SPRUCE ST,S/D CONV.APT 4STY MASONRY,11157,461014700,7396004625,3126,3220.75958251953,328.348293039755
439,University of Pennsylvania,3942 PINE ST,ROW CONV/APT 3STY MASONRY,64054,271092400,6482003942,1077,1077.21868896484,171.984466077225
440,University of Pennsylvania,3829 WALNUT ST,AMUSE FRATERNITIES MASONR,94231,773574000,8114003829,2900,3033.95092773438,290.919039071637
441,University of Pennsylvania,3533-35 LOCUST WALK,MISC.ADMIN.BLDG MASONRY,102393,773516000,5139003533,3870,3782.83453369141,269.132908326842
442,University of Pennsylvania,4025 LOCUST ST,APTS  5-50 UNTS MASONRY,109423,881604200,5138004025,1977,2004.45196533203,262.136015087474
443,University of Pennsylvania,427 S 45TH ST,APTS  5-50 UNTS MASONRY,115397,881619200,8869000427,2415,2415.47491455078,249.030727010055
444,University of Pennsylvania,3601-7 LOCUST WALK,MISC.YMCA TYPE MASONRY,147560,773598001,5139003601,9600,9623.09405517578,400.544714554017
445,University of Pennsylvania,3926-38 CHESTNUT ST,OFF/BLD COMM NO GAR MAS.+,180742,773687010,2282003926,37998,37955.2481079102,783.958405255219
446,University of Pennsylvania,3933 PINE ST,APTS  5-50 UNTS MASONRY,259298,881601450,6482003933,1620,1626.70806884766,217.983306679419
447,University of Pennsylvania,305 S 39TH ST,PARKING LOT PRIVATE,290097,773547100,8857000305,5740,5785.93389892578,316.029413288886
448,University of Pennsylvania,4224-34 OSAGE AVE,APTS  5-50 UNTS MASONRY,330736,881122800,6184004224,9600,9804.32110595703,395.465374555306
449,University of Pennsylvania,3601-51 WALNUT ST,HOTEL 6 STY MASONRY,338297,773567001,8114003601,110496,110496.792114258,1441.81055446635
450,University of Pennsylvania,4025-33 PINE ST,APTS DORMITORY MASONRY,358569,881331700,6482004025,15000,15171.6586303711,502.777865306329
451,University of Pennsylvania,200 S 41ST ST,OFF/BLD N/COMM W-PKG MASO,366635,883380700,8861000200,12280,12452.1448364258,492.965985910848
452,University of Pennsylvania,3700-12 SPRUCE ST,APTS DORMITORY MASONRY,413219,773543000,7396003700,71812,71812.5654907227,1366.73569511484
453,University of Pennsylvania,413 S 40TH ST,APTS  5-50 UNTS MASONRY,429490,881602100,8859000413,1361,1361.19610595703,191.384888815811
454,University of Pennsylvania,3940-42 CHESTNUT ST,STORE 1 STY MASONRY,432378,773687020,2282003940,6523,6523.62463378906,346.365429348125
455,University of Pennsylvania,3935 BALTIMORE AVE,ROW 3 STY MASONRY,443785,271126600,1562003935,1050,1004.86138916016,158.749141708122
456,University of Pennsylvania,214 S 42ND ST,APTS  5-50 UNTS MASONRY,497354,881616000,8863000214,2875,2872.14569091797,295.722492327793
457,University of Pennsylvania,2910 SOUTH ST,VAC LAND RESID. ACRE+,264932,773534500,7344002910,27331,27331.0114135742,738.581904431999
458,University of Pennsylvania,3600-48 CHESTNUT ST,APTS DORMITORY MASONRY,475843,773595000,2282003600,108008,112846.284606934,1454.23820402787
459,University of Pennsylvania,4124 LUDLOW ST,PRIV.GAR 1STY MAS.+OTHER,334962,271139210,5192004124,3358,3425.2880859375,275.688385271834
460,University of Pennsylvania,3000 WALNUT ST,VAC LAND COMM. ACRE+,328676,783619910,8114003000,937520,937520.518432617,4514.82885293181
461,University of Pennsylvania,3710-30 LOCUST WALK,SCHOOL 5STY MASONRY,252522,773521500,5139003710,36913,36913.9942626953,771.638888806955
462,University of Pennsylvania,3701-45 SPRUCE ST,SCHOOL 4STY MAS+OTHER,520250,773544000,7396003701,153741,153741.509521484,2827.22422306758
463,University of Pennsylvania,500 OSLER CIR,MISC.RESEARCH MAS.+OTHER,609692,773003041,6188500500,49884,49884.8154907227,1042.62477493664
464,University of Pennsylvania,250-80 S 37TH ST,SCHOOL 4STY MAS+OTHER,269450,773592000,8853000250,74785,74785.3327026367,1112.90661326941
465,University of Pennsylvania,3934 SPRUCE ST,AMUSE FRATERNITIES MASONR,493932,773557000,7396003934,3776,3776.60961914063,344.140361646416
466,University of Pennsylvania,3401 GRAYS FERRY AVE,IND WHSE MAS.+OTHER,595367,884123010,3834003401,950283,950283.481384277,4384.97448236135
467,University of Pennsylvania,1800 LOMBARD ST,CONDO PARKING SPACE,542655,772032300,5152001800,24687,24704.7374267578,751.761095430665
468,University of Pennsylvania,1801 SOUTH ST,HEALTH FAC.HOSP MASONRY,541790,772032010,7344001801,65725,65585.8982543945,1188.06742350978
469,University of Pennsylvania,3801-15 SPRUCE ST,APTS DORMITORY MASONRY,53473,773545000,7396003801,64149,64149.4212646484,1129.90772765708
470,University of Pennsylvania,3400-04 WALNUT ST,SCHOOL 3STY MAS.+OTHER,537587,773564002,8114003400,34055,34055.3103637695,1083.13731543946
471,University of Pennsylvania,4009 CHESTNUT ST,HOTEL/RM.HSE 3STY MASONRY,345881,881602140,2282004009,2862,2902.11712646484,280.761612586218
472,University of Pennsylvania,3930 SANSOM ST,ROW CONV/APT 3STY MASONRY,307403,271053700,7094003930,1647,1650.00811767578,219.333341858103
473,University of Pennsylvania,3401-99 SPRUCE ST,SCHOOL 4STY MASONRY,263026,773538000,7396003401,364745,364745.57232666,3353.77493919017
474,University of Pennsylvania,461 UNIVERSITY AVE,SCHOOL 3STY MAS.+OTHER,392642,773560000,7892000461,505832,505832.50793457,5846.49682886668
475,University of Pennsylvania,3826-30 SPRUCE ST,PARKING LOT PRIVATE,309,773548001,7396003826,10587,10545.7928466797,472.649164778494
476,University of Pennsylvania,4001-13 WALNUT ST,GAR.W-COMM. MASON + OTHER,641,773578000,8114004001,38256,38256.3439331055,812.262372559567
477,University of Pennsylvania,4037 PINE ST,ROW W/GAR 2.5STY MASONRY,60119,271169300,6482004037,15000,14977.2686767578,500.332270409485
478,University of Pennsylvania,3954 PINE ST,SEMI/DET 3 STY MASONRY,191105,271093000,6482003954,1875,1916.60083007813,201.473343705917
479,University of Pennsylvania,4032 LOCUST ST,ROW 2 STY MASONRY,286200,773526010,5138004032,1600,1639.17266845703,234.338042365156
480,University of Pennsylvania,3944 PINE ST,ROW CONV/APT 3STY MASONRY,301804,271092500,6482003944,1173,1151.45202636719,176.514161812268
481,University of Pennsylvania,3805-07 WALNUT ST,SCHOOL 4STY MASONRY,391127,773570002,8114003805,5865,5668.34490966797,344.649471523463
482,University of Pennsylvania,3948-50 PINE ST,APTS  5-50 UNTS MASONRY,433280,881120100,6482003948,3750,3701.7099609375,248.738607105457
483,University of Pennsylvania,4002 CHESTNUT ST,STR/OFF+APTS 3STY MASONRY,496833,871299100,2282004002,2500,2518.10180664063,290.615017916009
484,University of Pennsylvania,104 S 40TH ST,VAC LAND COMM. < ACRE,520144,871126055,8859000104,2500,2497.17932128906,249.914650754372
485,University of Pennsylvania,301 S 34TH ST,PARKING LOT COMMERCIAL,522931,773590000,8847000301,14338,14338.7254638672,486.548624075991
486,University of Pennsylvania,401 UNIVERSITY AVE,PARKING LOT PRIVATE,532720,271124501,7892000401,61959,61959.4487304688,1159.73853013107
487,University of Pennsylvania,201 S 32ND ST,AMUSEMENT CITY PARK,66292,773586000,8843000201,338225,338844.584289551,2376.65768888037
488,University of Pennsylvania,3100 WALNUT ST,PARKING LOT COMMERCIAL,398422,884353145,8114003100,204832,204832.414672852,2209.47788837514
489,University of Pennsylvania,3700-34 WALNUT ST,SCHOOL 10-14STY MASONRY,369755,773567805,8114003700,40874,40874.8204345703,884.49035523635
490,University of Pennsylvania,3430 SANSOM ST,STR/OFF+APTS 3STY MASONRY,959466,871265600,7094003430,5118,5118.00616455078,286.479529937908
491,University of Pennsylvania,3700-02 LOCUST WALK,SCHOOL 3STY MASONRY,542100,773520000,5139003700,5175,5281.84173583984,321.355187102623
492,University of Pennsylvania,3700 CURIE BLVD,GAR.NO COMM.AREA MAS.+OTH,609694,773513310,2640003700,56562,56562.7948608398,993.553076955419
493,University of Pennsylvania,4003 CHESTNUT ST,S/D OFF/STR 3STY MASONRY,277269,871535940,2282004003,2862,2899.76171875,281.895361736013
494,University of Pennsylvania,3928 SANSOM ST,HOTEL/RM.HSE 3STY MASONRY,294889,881600300,7094003928,1644,1644.025390625,218.667126139649
495,University of Pennsylvania,122 S 39TH ST,APTS  5-50 UNTS MASONRY,499393,881601410,8857000122,2320,2314.15356445313,271.418243375621
496,University of Pennsylvania,130-32 S 39TH ST,AMUSE FRATERNITIES MASONR,332829,773575100,8857000130,4481,4481.09729003906,299.764747483375
497,University of Pennsylvania,3501 CHESTNUT ST,HOTEL 20+STY MASONRY,422609,883730000,2282003501,37900,37900.0999145508,829.001558462447
498,University of Pennsylvania,3900-02 SPRUCE ST,AMUSE FRATERNITIES MASONR,119290,773549000,7396003900,8704,8704.16467285156,411.975694206348
499,University of Pennsylvania,3937 PINE ST,APTS  5-50 UNTS MASONRY,171105,881601470,6482003937,1620,1651.54168701172,217.770197172168
500,University of Pennsylvania,3819-31 CHESTNUT ST,OFF/BLD N/COMM W-PKG MASO,176130,773080200,2282003819,43007,42745.0813598633,827.307409212
501,University of Pennsylvania,3317-33 CHESTNUT ST,GAR.W-COMM. MASON + OTHER,196109,773507000,2282003317,62503,62503.7532958984,1011.26269185911
502,University of Pennsylvania,221 S 34TH ST,SCHOOL 3STY MASONRY,240564,773588500,8847000221,134212,134212.757568359,1548.1337031146
503,University of Pennsylvania,4047 LOCUST ST,ROW CONV/APT 3STY MASONRY,292397,271155500,5138004047,2800,2804.95257568359,276.604684972832
504,University of Pennsylvania,4054 SPRUCE ST,APTS  5-50 UNTS MASONRY,443047,881604570,7396004054,2442,2442.85974121094,255.491273396577
505,University of Pennsylvania,3919 PINE ST,APTS  5-50 UNTS MASONRY,451271,881600870,6482003919,1620,1616.67810058594,216.619890929507
506,University of Pennsylvania,108 S 40TH ST,STORE 2 STY MASONRY,498043,271173901,8859000108,2500,2457.52612304688,248.118473207769
507,University of Pennsylvania,4111-23 CHESTNUT ST,PARKING LOT PRIVATE,513655,773511000,2282004111,21372,21372.1629638672,719.798431308747
508,University of Pennsylvania,3501 SPRUCE ST,SCHOOL 8STY MASONRY,533150,773539000,7396003501,26114,26114.5037841797,699.716648891341
509,University of Pennsylvania,1900-14 LOMBARD ST,PARKING LOT COMMERCIAL,543492,772034500,5152001900,23974,24228.6987304688,711.233646603533
510,University of Pennsylvania,3457-59 WALNUT ST,SCHOOL 7STY MAS+OTHER,603716,773565000,8114003457,12104,12477.2280273438,522.213661443902
511,University of Pennsylvania,3704-06 LOCUST WALK,AMUSE FRATERNITIES MASONR,349371,773521000,5139003704,11200,11324.6171875,479.385652285771
512,University of Pennsylvania,3905 SPRUCE ST,AMUSE TV/RADIO STA MASONR,231354,773551000,7396003905,21136,21136.2874755859,636.728729025944
513,University of Pennsylvania,3801-51 LOCUST WALK,AMUSE FRATERNITIES MASONR,287824,773522001,5139003801,68048,68048.8825073242,1298.49489590622
514,University of Pennsylvania,3914 LOCUST WALK,DET 3 STY MASONRY,525240,773523000,5139003914,62333,62333.4682006836,1003.70836772837
515,University of Pennsylvania,4039 CHESTNUT ST,APTS 51-100UNTS MASONRY,58730,881117800,2282004039,13856,13856.5757446289,550.714289050446
516,Drexel University,3211 RACE ST,VAC LAND COMM. < ACRE,37763,774546050,6712003211,1329,1329.74395751953,195.372436754841
517,Drexel University,208-10 N 34TH ST,AMUSE FRATERNITIES MASONR,41813,774561000,8846000208,8585,8585.06317138672,383.130939091075
518,Drexel University,225-51 N 32ND ST,IND.WHSE MASONRY,46148,241084510,8842000225,18802,19102.7163085938,809.509078993565
519,Drexel University,3200 SUMMER ST,SEMI/DET 3 STY MASONRY,47725,241068900,7540003200,3206,3087.29132080078,234.744987664647
520,Drexel University,3140-42 MARKET ST,SUP.MARK.2STY MASONRY,51198,774527100,5356003140,10565,10565.2499389648,495.72166487549
521,Drexel University,3126-38 MARKET ST,VAC LAND COMM. < ACRE,51496,774526000,5356003126,33485,33485.381652832,844.278179715157
522,Drexel University,3100-16 MARKET ST,SCHOOL 5STY MAS+OTHER,55367,774525000,5356003100,34500,34500.0877075195,753.266956803502
523,Drexel University,3412 RACE ST,S/D CON.APT 3STY MASONRY,57219,241065500,6712003412,4098,4098.63464355469,334.600865948505
524,Drexel University,3204 SUMMER ST,S/D CON.APT 3STY MASONRY,58530,241069100,7540003204,1440,1406.93243408203,185.006572280514
525,Drexel University,3206 SUMMER ST,S/D CON.APT 3STY MASONRY,79001,241069200,7540003206,1534,1534.38555908203,188.352413331908
526,Drexel University,3601-03 POWELTON AVE,APTS  5-50 UNTS MASONRY,84793,774001503,6546003601,8900,8947.31512451172,456.672975249718
527,Drexel University,200 N 34TH ST,S/D W DET GAR 3 STY MASON,87033,774557000,8846000200,3840,3835.00006103516,303.608481198761
528,Drexel University,314 N 32ND ST,APTS  5-50 UNTS MASONRY,87627,774635100,8842000314,1942,1942.04974365234,236.85189481735
529,Drexel University,1437 VINE ST,STR/OFF 2 STY MASONRY,89722,772026201,8012001437,1260,1275.51129150391,176.936981578303
530,Drexel University,3201 RACE ST,PARKING LOT PRIVATE,94481,774545810,6712003201,2298,2298.53546142578,234.653441244608
531,Drexel University,3608-16 POWELTON AVE,IND WHSE MAS.+OTHER,96145,773530000,6546003608,11325,11325.0759887695,448.883495706095
532,Drexel University,3408 POWELTON AVE,APTS  5-50 UNTS MASONRY,106199,774531918,6546003408,2899,2835.68957519531,271.227723735921
533,Drexel University,3410 POWELTON AVE,APTS  5-50 UNTS MASONRY,111048,774531920,6546003410,2897,2897.86138916016,272.267546417732
534,Drexel University,213 N 35TH ST,APTS  5-50 UNTS MASONRY,116794,774531950,8848000213,2689,2739.29095458984,334.017554420848
535,Drexel University,201-11 N 35TH ST,PARKING LOT PRIVATE,118858,774567000,8848000201,32652,32652.2164916992,945.389054208738
536,Drexel University,219-25 N BROAD ST,HEALTH FAC.MED.CENT.MAS.+,121394,771004500,1914000219,8000,7970.85931396484,359.357607646371
537,Drexel University,3422 POWELTON AVE,APTS  5-50 UNTS MASONRY,131125,774531926,6546003422,2207,2109.18408203125,271.09965020949
538,Drexel University,3419 RACE ST,APT 2-4  UNTS 3STY MASONR,133105,241067902,6712003419,2750,2776.05065917969,255.926632114468
539,Drexel University,3210-20 SPRING GARDEN ST,IND.WHSE MASONRY,140887,884345070,7380003210,22800,22898.1600341797,726.536027717205
540,Drexel University,3432 POWELTON AVE,APTS  5-50 UNTS MASONRY,148578,774531936,6546003432,2448,2448.98187255859,265.644930706521
541,Drexel University,3203-09 RACE ST,PARKING LOT COMMERCIAL,163186,774545815,6712003203,5312,5488.60607910156,299.943032561803
542,Drexel University,3606 POWELTON AVE,APTS  5-50 UNTS MASONRY,164632,774001506,6546003606,3000,3061.921875,292.610713398879
543,Drexel University,215 N 35TH ST,APTS  5-50 UNTS MASONRY,164867,774531952,8848000215,2682,2725.72412109375,334.580572815567
544,Drexel University,3420 POWELTON AVE,APTS  5-50 UNTS MASONRY,168021,774531924,6546003420,3593,3570.56817626953,298.652573112694
545,Drexel University,3605 POWELTON AVE,APTS  5-50 UNTS MASONRY,179694,774001505,6546003605,8900,8817.42785644531,455.049032678503
546,Drexel University,3426 POWELTON AVE,APTS  5-50 UNTS MASONRY,204092,774531930,6546003426,2155,2127.78125,266.763757606039
547,Drexel University,1435 VINE ST,OFF/BLD N/PKG N/COM MASON,205089,883065195,8012001435,1208,1208.92694091797,175.196347203096
548,Drexel University,3300-04 ARCH ST,VAC LAND COMM. < ACRE,208694,774514000,1300003300,19177,18998.0067749023,571.641987769489
549,Drexel University,3420 RACE ST,S/D CON.APT 3STY MASONRY,220360,241065900,6712003420,5056,5056.50170898438,350.076362141775
550,Drexel University,3201 WINTER ST,PRIV.GAR 2STY MASONRY,224775,241072400,8390003201,1539,1582.42297363281,184.327057030583
551,Drexel University,3423-25 RACE ST,AMUSE FRATERNITIES MASONR,233411,774548000,6712003423,5897,5897.98999023438,315.981096370834
552,Drexel University,3213-21 RACE ST,OFF/BLD N/COMM W-PKG MASO,264449,774546200,6712003213,12262,12436.2219848633,538.801983446779
553,Drexel University,3414 POWELTON AVE,VAC LAND RES < ACRE,267158,241076450,6546003414,3445,3472.92816162109,313.687002387281
554,Drexel University,202 N 34TH ST,S/D CON.APT 3STY MASONRY,274515,774558000,8846000202,3240,3261.62866210938,294.19586931707
555,Drexel University,3201-21 ARCH ST,OFF/BLD N/PKG N/COM MASON,274898,774513500,1300003201,22168,22165.4781494141,664.143178874614
556,Drexel University,3200-22 ARCH ST,PARKING LOT PRIVATE,276475,774513000,1300003200,56600,56941.8018798828,968.417000182376
557,Drexel University,3200 POWELTON AVE,APTS  5-50 UNTS MASONRY,277963,774521100,6546003200,1750,1742.38171386719,236.087427008343
558,Drexel University,219 N 35TH ST,APTS  5-50 UNTS MASONRY,279531,774531956,8848000219,3272,3434.77374267578,344.075452800491
559,Drexel University,3205 SUMMER ST,SEMI/DET 3 STY MASONRY,286372,241070000,7540003205,1538,1538.41619873047,186.679914844415
560,Drexel University,3613 POWELTON AVE,APTS  5-50 UNTS MASONRY,295766,774003100,6546003613,5128,5128.99334716797,351.844669546997
561,Drexel University,3611 POWELTON AVE,APTS  5-50 UNTS MASONRY,298393,774002100,6546003611,6675,6705.62042236328,431.185934669691
562,Drexel University,202-14 N 33RD ST,APTS DORMITORY MASONRY,299796,774552000,8844000202,67330,67330.0833129883,1293.23394418918
563,Drexel University,3412 POWELTON AVE,VAC LAND RES < ACRE,308913,241076350,6546003412,3448,3447.80834960938,313.682216659268
564,Drexel University,3202 SUMMER ST,VAC LAND RES < ACRE,321812,774304800,7540003202,2232,2306.30047607422,209.710201830188
565,Drexel University,2900 W QUEEN LN,SCHOOL 3STY MASONRY,329951,774010200,6650002900,620084,620084.549194336,3775.69625348235
566,Drexel University,3425-29 POWELTON AVE,PARKING LOT PRIVATE,329953,774536000,6546003425,13350,13158.4652709961,504.243752171323
567,Drexel University,3404 POWELTON AVE,APTS  5-50 UNTS MASONRY,333323,774531914,6546003404,2938,2996.71917724609,277.267352687409
568,Drexel University,201 N 34TH ST,APTS DORMITORY MASONRY,334997,774588100,8846000201,36062,36628.3225708008,766.824081674383
569,Drexel University,3424 POWELTON AVE,APTS  5-50 UNTS MASONRY,337355,774531928,6546003424,2183,2144.48370361328,269.425796539775
570,Drexel University,217 N 35TH ST,APTS  5-50 UNTS MASONRY,338562,774531954,8848000217,2679,2772.45043945313,335.819778800196
571,Drexel University,400-04 N 31ST ST,AUTO REPAIR SHOP MASONRY,340441,241206900,8840000400,5000,5022.25671386719,285.602004929988
572,Drexel University,3410 RACE ST,S/D CON.APT 3STY MASONRY,365474,241065400,6712003410,3948,3948.04748535156,323.409884228128
573,Drexel University,3401 FILBERT ST,SCHOOL 1STY MASONRY,428913,774675500,3400003401,74835,74143.3881835938,1446.26874245293
574,Drexel University,3414 HAMILTON ST,APTS  5-50 UNTS MASONRY,442421,774518800,4018003414,2600,2540.39727783203,251.294882976968
575,Drexel University,3406 POWELTON AVE,APTS  5-50 UNTS MASONRY,444911,774531916,6546003406,2901,2929.60174560547,273.1621063158
576,Drexel University,20-40 S 33RD ST,SCHOOL 2STY MAS.+OTHER,453712,773260500,8845000020,19340,19391.2222290039,611.324328607297
577,Drexel University,229 N 34TH ST,APTS DORMITORY MASONRY,499026,774566000,8846000229,20875,20875.9591674805,576.230582304007
578,Drexel University,3430 POWELTON AVE,APTS  5-50 UNTS MASONRY,510224,774531934,6546003430,2090,2055.97296142578,260.998611094991
579,Drexel University,101 N 33RD ST,OFF/BLDG W/COMM+GAR MASON,511596,774551000,8844000101,43353,43353.9794311523,850.041862899194
580,Drexel University,1427-33 VINE ST,OFF/BLD N/PKG N/COM MASON,517029,772028000,8012001427,8938,9206.06072998047,398.823133728197
581,Drexel University,1200-02 CHESTNUT ST,OFF/BLDG COMM NO GAR MASO,519137,883019200,2282001200,7250,7484.66467285156,396.006766786523
582,Drexel University,204-06 N 34TH ST,APT DORMITORY MAS.+OTHER,531635,774560000,8846000204,6050,6096.21765136719,341.372241464173
583,Drexel University,3428 POWELTON AVE,APTS  5-50 UNTS MASONRY,538636,774531932,6546003428,2132,2117.14276123047,264.289117759214
584,Drexel University,3161-67 MARKET ST,AUTO REPAIR SHOP MASONRY,539945,882970495,5356003161,26675,26674.5382080078,718.307916248982
585,Drexel University,3175 JOHN F KENNEDY BLVD,APTS DORMITORY MASONRY,193473,881115750,4617003175,47922,47922.8227539063,946.25413374362
586,Drexel University,115-25 N 32ND ST,APTS DORMITORY MASONRY,1035,774635000,8842000115,56366,56383.4140625,996.685963220766
587,Drexel University,3051 JOHN F KENNEDY BLVD,PARKING LOT COMMERCIAL,230622,882351000,4617003051,75102,75188.8920288086,1297.7923266102
588,Drexel University,3025 JOHN F KENNEDY BLVD,PARKING LOT COMMERCIAL,517356,882356100,4617003025,42967,42967.936706543,941.290408223397
589,Drexel University,3003 JOHN F KENNEDY BLVD,PARKING LOT COMMERCIAL,182501,882355905,4617003003,27462,27462.161315918,665.747621670659
590,Drexel University,3001 JOHN F KENNEDY BLVD,PARKING LOT COMMERCIAL,275013,882355900,4617003001,8085,8085.89935302734,438.702646783442
591,Drexel University,3200 RACE ST,APT DORMITORY MAS.+OTHER,87684,774546010,6712003200,60869,61233.4124145508,1075.75646869885
592,Drexel University,3312 RACE ST,VAC LAND RES < ACRE,26484,774547201,6712003312,5700,5700.103515625,327.16865557428
593,Drexel University,3316 RACE ST,APT 2-4  UNTS 3STY MASONR,510605,774547205,6712003316,2454,2454.77606201172,261.071132806515
594,Drexel University,3314 RACE ST,APT 2-4  UNTS 3STY MASONR,283733,774547203,6712003314,2279,2369.72332763672,260.641498857359
595,Drexel University,3301 MARKET ST,SCHOOL 2STY MASONRY,534940,774530510,5356003301,219417,219417.736999512,2006.05267291112
596,Drexel University,68 N 34TH ST,VAC LAND COMM. < ACRE,541026,241091210,8846000068,14732,14731.7266845703,486.614399470729
597,Drexel University,3300-50 MARKET ST,SCHOOL 4STY MASONRY,126459,774530700,5356003300,107330,107773.858520508,1431.31678453853
598,Drexel University,3400 LANCASTER AVE,VAC LAND COMM. ACRE+,965100,774522040,4890003400,70836,72581.1120605469,1140.86517813462
599,Drexel University,3103 BARING ST,VAC LAND RES < ACRE,111623,241168700,1590003103,2288,2213.92248535156,250.555160676378
600,Drexel University,3300 RACE ST,APT DORMITORY MAS.+OTHER,949856,774547005,6712003300,28660,28804.5679931641,706.37165840596
601,Drexel University,3501 MARKET ST,SCHOOL 4STY MASONRY,466455,774688700,5356003501,64837,64837.3307495117,1063.80399978663
602,Drexel University,3201 CHESTNUT ST,SCHOOL 5STY MASONRY,52405,774518010,2282003201,271467,271466.32421875,2089.00267078458
603,Drexel University,3144-50 MARKET ST,VAC LAND RES < ACRE,54657,774527300,5356003144,42344,42344.3130493164,1149.20087089016
604,Drexel University,3200-60 CHESTNUT ST,SCHOOL 6STY MAS+OTHER,135791,774517051,2282003200,135432,141843.914001465,1638.84821807851
605,Drexel University,3750 LANCASTER AVE,VAC LAND COMM. ACRE+,1222990,774522100,4890003750,97164,97164.3095092773,1450.51333874899
606,Drexel University,275 N 38TH ST,VAC LAND COMM. ACRE+,1222991,774348200,8854000275,53209,53228.006652832,1340.12648556459
607,Drexel University,115 N 38TH ST,VAC LAND COMM. ACRE+,1222993,774348100,8854000115,44000,45784.9586791992,889.916575144133
608,Drexel University,3701 FILBERT ST,VAC LAND COMM. ACRE+,1222994,774675700,3400003701,51749,51748.6049804688,962.87282890582
609,Drexel University,60 N 36TH ST,VAC LAND COMM. ACRE+,1222992,774344200,8850000060,150293,150292.731567383,1592.20948204466
610,Drexel University,225 N 38TH ST,VAC LAND COMM. ACRE+,500300,774348150,8854000225,212171,212152.128662109,1880.20413869217
611,Drexel University,116 N 34TH ST,VAC LAND RES < ACRE,1237809,774555005,8846000116,10665,11104.1727905273,428.478775057897
612,Philadelphia University,3427R WARDEN DR,DET.W/GAR 2.5STY MASONRY,86016,383071800,8136003427,26556,26556.3461303711,1034.24018275993
613,Philadelphia University,3460 W SCHOOL HOUSE LN,SCHOOL 3STY MAS.+OTHER,535363,775504500,7128003460,101894,101894.211608887,1354.601039619
614,Philadelphia University,3464 W SCHOOL HOUSE LN,APT DORMITORY MAS.+OTHER,535432,775505000,7128003464,304281,304281.644714355,2226.66982974225
615,Philadelphia University,3120 W SCHOOL HOUSE LN,APTS 100 +  UNITS MASONRY,537723,775500800,7128003120,234180,234180.413024902,2601.281151693
616,Philadelphia University,3242 W SCHOOL HOUSE LN,MISC.ADMIN.BLDG MASONRY,500741,775535300,7128003242,115713,115713.891540527,1460.71805537802
617,Philadelphia University,3230 W SCHOOL HOUSE LN,DET W/D.GAR 2.5 STY FRAME,589181,775500900,7128003230,51821,51821.3071289063,950.473565071941
618,Philadelphia University,3480 W SCHOOL HOUSE LN,SCHOOL 3STY MASONRY,535695,775506010,7128003480,1169407,1169407.97119141,4935.38553891632
619,Philadelphia University,3400 W SCHOOL HOUSE LN,DET W/DET GAR 3 STY STONE,535489,775504000,7128003400,163635,163635.040771484,1861.00718653512
620,Philadelphia University,3243 W SCHOOL HOUSE LN,SCHOOL 3STY MASONRY,338465,775501010,7128003243,1456248,1456248.07061768,5595.3389587429
621,Philadelphia University,4200 HENRY AVE,SCHOOL 1STY MASONRY,77564,775500000,4196004200,98586,98587.005859375,1393.19002582488
622,Philadelphia University,3333 W SCHOOL HOUSE LN,VAC LAND RESID. ACRE+,351985,775503000,7128003333,132194,132194.600830078,1487.54795983687
623,Philadelphia University,3339 W SCHOOL HOUSE LN,DET W/DET GAR 2 STY MASON,87772,213002300,7128003339,84311,83985.6071777344,2022.32856311159
624,Philadelphia University,4150 HENRY AVE,IND.WHSE MASONRY,142879,882920440,4196004150,121801,121801.76751709,1677.82010394319
625,Saint Joseph's University,6300-18 CITY AVE,APTS DORMITORY MASONRY,138208,774505000,2324006300,38949,38949.2258300781,799.417378746408
626,Saint Joseph's University,2443-45 N 54TH ST,SCHOOL 1STY MASONRY,64323,774506100,8887002443,24920,24920.5481567383,758.430079196976
627,Saint Joseph's University,6050 OVERBROOK AVE,APTS  5-50 UNTS MASONRY,140338,774579500,6200006050,26202,26202.3165283203,645.796757777109
628,Academy of Vocal Arts,1916 SPRUCE ST,SCHOOL 4STY MASONRY,181746,772522900,7396001916,3056,3121.86791992188,300.908321763263
629,Academy of Vocal Arts,1918-20 SPRUCE ST,SCHOOL 4STY MASONRY,239707,772523010,7396001918,10576,10576.2972412109,504.447947311313
